,description,units,source key,RASTERVALU,2001/1/1,2001/2/1,2001/3/1,2001/4/1,2001/5/1,2001/6/1,2001/7/1,2001/8/1,2001/9/1,2001/10/1,2001/11/1,2001/12/1,2002/1/1,2002/2/1,2002/3/1,2002/4/1,2002/5/1,2002/6/1,2002/7/1,2002/8/1,2002/9/1,2002/10/1,2002/11/1,2002/12/1,2003/1/1,2003/2/1,2003/3/1,2003/4/1,2003/5/1,2003/6/1,2003/7/1,2003/8/1,2003/9/1,2003/10/1,2003/11/1,2003/12/1,2004/1/1,2004/2/1,2004/3/1,2004/4/1,2004/5/1,2004/6/1,2004/7/1,2004/8/1,2004/9/1,2004/10/1,2004/11/1,2004/12/1,2005/1/1,2005/2/1,2005/3/1,2005/4/1,2005/5/1,2005/6/1,2005/7/1,2005/8/1,2005/9/1,2005/10/1,2005/11/1,2005/12/1,2006/1/1,2006/2/1,2006/3/1,2006/4/1,2006/5/1,2006/6/1,2006/7/1,2006/8/1,2006/9/1,2006/10/1,2006/11/1,2006/12/1,2007/1/1,2007/2/1,2007/3/1,2007/4/1,2007/5/1,2007/6/1,2007/7/1,2007/8/1,2007/9/1,2007/10/1,2007/11/1,2007/12/1,2008/1/1,2008/2/1,2008/3/1,2008/4/1,2008/5/1,2008/6/1,2008/7/1,2008/8/1,2008/9/1,2008/10/1,2008/11/1,2008/12/1,2009/1/1,2009/2/1,2009/3/1,2009/4/1,2009/5/1,2009/6/1,2009/7/1,2009/8/1,2009/9/1,2009/10/1,2009/11/1,2009/12/1,2010/1/1,2010/2/1,2010/3/1,2010/4/1,2010/5/1,2010/6/1,2010/7/1,2010/8/1,2010/9/1,2010/10/1,2010/11/1,2010/12/1,2011/1/1,2011/2/1,2011/3/1,2011/4/1,2011/5/1,2011/6/1,2011/7/1,2011/8/1,2011/9/1,2011/10/1,2011/11/1,2011/12/1,2012/1/1,2012/2/1,2012/3/1,2012/4/1,2012/5/1,2012/6/1,2012/7/1,2012/8/1,2012/9/1,2012/10/1,2012/11/1,2012/12/1,2013/1/1,2013/2/1,2013/3/1,2013/4/1,2013/5/1,2013/6/1,2013/7/1,2013/8/1,2013/9/1,2013/10/1,2013/11/1,2013/12/1,2014/1/1,2014/2/1,2014/3/1,2014/4/1,2014/5/1,2014/6/1,2014/7/1,2014/8/1,2014/9/1,2014/10/1,2014/11/1,2014/12/1,2015/1/1,2015/2/1,2015/3/1,2015/4/1,2015/5/1,2015/6/1,2015/7/1,2015/8/1,2015/9/1,2015/10/1,2015/11/1,2015/12/1,2016/1/1,2016/2/1,2016/3/1,2016/4/1,2016/5/1,2016/6/1,2016/7/1,2016/8/1,2016/9/1,2016/10/1,2016/11/1,2016/12/1,2017/1/1,2017/2/1,2017/3/1,2017/4/1,2017/5/1,2017/6/1,2017/7/1,2017/8/1,2017/9/1,2017/10/1,2017/11/1,2017/12/1,2018/1/1,2018/2/1,2018/3/1,2018/4/1,2018/5/1,2018/6/1,2018/7/1,2018/8/1,2018/9/1,2018/10/1,2018/11/1,2018/12/1,2019/1/1,2019/2/1,2019/3/1,2019/4/1,2019/5/1,2019/6/1,2019/7/1,2019/8/1,2019/9/1,2019/10/1,2019/11/1,2019/12/1,2020/1/1,2020/2/1,2020/3/1,2020/4/1,2020/5/1,2020/6/1,2020/7/1,2020/8/1,2020/9/1,2020/10/1,2020/11/1,2020/12/1,2021/1/1,2021/2/1,2021/3/1,2021/4/1,2021/5/1,2021/6/1,2021/7/1,2021/8/1,2021/9/1,2021/10/1,2021/11/1,2021/12/1,2022/1/1,2022/2/1,2022/3/1,2022/4/1,2022/5/1,2022/6/1,2022/7/1,2022/8/1,2022/9/1,2022/10/1,2022/11/1,2022/12/1,2023/1/1,2023/2/1,2023/3/1,2000/1/1,2000/2/1,2000/3/1,2000/4/1,2000/5/1,2000/6/1,2000/7/1,2000/8/1,2000/9/1,2000/10/1,2000/11/1,2000/12/1
0,Connecticut ,million kilowatthours,CT,1378,2760,2438,2577,2238,2363,2661,2674,2987,2399,2365,2337,2741,2647,2355,2504,2334,2347,2532,3050,3062,2496,2460,2448,2771,2943,2587,2612,2358,2309,2517,2947,3063,2917,2412,2420,2745,3072,2655,2674,2369,2450,2729,2932,2968,2600,2442,2494,2830,2967,2556,2758,2349,2383,2886,3196,3278,2690,2586,2491,2953,2782,2515,2687,2247,2439,2750,3247,3064,2403,2452,2450,2642,2805,2751,2821,2514,2662,2872,3171,3324,2737,2742,2713,3018,2719,2462,2740,2425,2065,2671,3056,2661,2724,2374,2383,2675,2839,2666,2502,2276,2204,2288,2623,2784,2538,2282,2171,2543,2848,2467,2443,2241,2131,2578,2957,3010,2686,2236,2214,2582,2780,2391,2436,2261,2301,2503,2893,2995,2519,2241,2153,2386,2617,2416,2356,2128,2184,2397,2968,3037,2591,2148,2199,2451,2635,2560,2384,2341,2139,2436,3086,2832,2505,2136,2166,2604,2786,2635,2472,2228,2183,2294,2754,2644,2506,2108,2222,2522,2676,2682,2554,2304,2040,2375,2756,2828,2703,2175,2072,2311,2553,2374,2301,2180,2020,2446,2736,3044,2696,2094,2079,2407,2544,2250,2269,2193,2008,2354,2719,2663,2291,2134,2184,2527,2708,2188,2264,2088,2190,2262,2980,2983,2358,2182,2211,2419,2587,2234,2308,1979,2021,2244,3041,2636,2134,2055,2138,2522,2379,2174,2092,1845,1904,2429,3022,2665,2204,2000,2014,2386,2476,2284,2165,1923,2012,2569,2522,2973,2359,2042,2095,2316,2608,2212,2193,1921,2117,2292,2909,2860,2145,2015,2041,2363,2266,2085,2122,2923.5,2637.5,2730.5,2460.3,2393.5,2682.75,2919.9546,3111.6365,2727.1667,2456.0588,2430.75,2763.2
1,Maine ,million kilowatthours,ME,1508,1071,1009,1009,994,1021,1045,979,1069,899,965,1029,1062,1063,919,824,882,943,892,1011,1068,914,910,937,1079,1265,1128,984,907,867,934,1051,1039,965,959,870,1002,1282,956,970,925,925,980,1066,1098,1018,1044,1007,1097,973,833,1042,976,996,967,1147,1218,992,1099,957,1162,1089,982,1028,923,956,976,1147,1106,1001,1049,974,1054,1063,970,1025,916,924,983,1026,1065,940,958,942,1048,1055,985,989,894,893,903,1054,1013,991,975,912,1009,1048,901,925,858,877,858,970,1029,926,991,896,1004,1017,899,942,857,904,880,1070,1056,973,977,926,1031,1018,903,954,900,897,992,1031,1018,933,916,879,975,1017,916,927,854,879,1073,1033,1059,893,992,921,997,1043,927,960,904,903,1079,1067,1013,914,1008,960,1077,1121,973,1046,942,915,926,1064,1049,961,980,988,1037,1080,1015,951,987,853,947,1018,1068,1045,1023,841,1058,1000,948,1003,901,884,899,940,1086,1011,886,856,1034,1068,871,1022,870,870,927,946,950,976,929,866,918,1347,994,947,971,908,963,992,1180,1021,1023,1003,1006,1191,961,1074,910,963,789,1040,1040,869,983,899,1012,1079,926,992,880,808,872,1025,1086,946,909,838,986,1004,955,999,967,857,964,1006,1017,1036,874,849,1058,1153,1073,1076,891,857,871,953,1128,974,853,922,996,1073,1092,1017,1093.0454,956.5455,985.86365,914.0455,946.6667,941.8182,1028.909,1066.1364,963.5455,968.3182,971.2,1066.4231
2,Massachusetts ,million kilowatthours,MA,1544,4659,4195,4495,3931,4098,4542,4611,5146,4191,4178,4040,4411,4524,4222,4302,3964,4072,4285,5051,5364,4568,4300,4287,4769,5067,4490,4658,4189,4282,4338,5271,5348,4405,4377,4281,4808,5359,4609,4652,4161,4363,4686,5002,5093,4606,4362,4248,5001,4834,4488,4736,4205,4206,4918,5594,5587,4826,4555,4367,4912,4886,4382,4733,4103,4356,4791,5542,5256,4455,4358,4320,4668,4828,4727,4749,4245,4428,4748,5201,5465,4737,4616,4386,5009,4955,4771,4585,4380,4276,4554,5360,5012,4780,4252,4347,4613,5128,4635,4503,4161,4163,4120,4584,5340,4440,4380,4234,4671,4924,4783,4564,4074,4386,4889,5602,5294,4981,4432,4374,4822,4923,4656,4628,4334,4075,4603,5397,5097,4784,4323,4186,4564,4815,4413,4389,4116,4140,4583,5394,5535,4731,4251,4295,4653,4899,4577,4575,4135,4103,4562,5684,4998,4690,4179,4196,4666,5018,4730,4657,4106,4052,4361,5132,4839,4659,4206,4226,4483,4888,4798,4637,4149,4073,4411,5034,5209,4866,4236,4012,4308,4662,4331,4296,3934,3916,4380,5077,5538,4838,4144,3971,4389,4540,4092,4437,3896,3955,4438,5124,4971,4338,4020,4078,4625,4845,4212,4116,3925,3912,4299,5153,5494,4706,4110,4101,4412,4689,4203,4193,3836,3800,4045,5123,5039,4144,3913,3971,4380,4440,4158,3928,3590,3610,3949,5038,5196,4319,3795,3732,4253,4490,4232,4006,3721,3668,4487,4769,5028,4613,3862,3909,4014,4425,4254,4076,3957,3860,4020,4885,5048,4456,3863,3758,4145,4338,4065,4016,5070.5,4452.636,4845.0,4292.9473,4402.8125,4752.4165,5164.909,5222.591,4596.9546,4542.75,4461.385,4970.0
3,New Hampshire ,million kilowatthours,NH,1505,976,843,875,792,810,869,894,962,832,820,792,850,898,817,825,778,795,815,943,984,863,838,812,1014,1006,909,900,830,821,869,1011,1031,934,864,838,959,1049,930,905,846,840,856,964,999,902,853,855,975,1023,905,904,845,837,945,1044,1065,932,893,862,990,1022,883,921,822,835,924,1057,1044,886,863,884,952,991,957,932,856,872,912,994,1038,927,875,892,992,1018,928,918,865,842,920,1024,984,892,848,862,877,997,987,857,860,810,796,884,1014,938,841,823,891,1005,918,854,835,811,848,1038,1035,970,857,812,906,991,949,892,869,780,888,985,1011,953,871,816,862,967,913,875,826,787,852,1007,1071,973,839,833,927,978,986,864,858,825,880,1045,1033,970,820,829,955,1029,1018,909,864,816,834,976,976,937,831,820,934,994,974,957,863,800,908,947,1033,997,856,810,860,941,932,924,849,780,868,990,1071,1005,848,806,889,1014,870,882,867,784,878,980,981,887,830,844,971,1035,870,889,818,820,879,1053,1080,938,856,853,955,998,887,892,805,800,838,1061,1002,846,807,828,947,967,881,861,780,786,893,1081,1019,868,804,813,941,967,906,899,789,802,966,988,1068,902,820,820,941,1023,909,894,796,828,870,1055,1085,870,771,795,919,939,892,882,994.9545,916.9091,892.2273,832.4091,812.7727,877.63635,1000.9545,1026.6364,919.1818,869.7,831.7727,932.13635
4,Rhode Island ,million kilowatthours,RI,1379,635,588,636,524,599,640,656,736,591,604,562,621,630,574,620,556,577,574,769,750,642,610,611,647,687,590,665,579,577,623,767,801,593,612,631,671,732,613,652,590,607,643,735,721,673,613,618,692,699,615,644,573,603,686,795,799,690,628,606,711,659,607,651,562,594,666,801,771,622,599,601,667,647,645,660,575,620,671,735,850,633,656,620,703,658,623,605,644,590,671,829,670,622,596,678,632,709,573,666,558,663,582,680,805,540,601,571,669,642,604,596,554,605,691,827,726,680,597,597,680,659,611,629,571,570,663,833,721,638,597,597,643,632,603,602,566,592,660,795,811,609,603,595,641,680,591,651,554,587,668,902,668,625,601,597,657,703,596,674,568,574,633,780,592,655,605,627,635,677,646,631,544,574,641,747,780,648,589,567,621,654,572,593,554,558,622,793,805,643,566,560,605,628,555,621,536,553,645,729,718,633,549,566,652,682,560,588,563,557,609,794,823,643,572,584,610,651,562,590,541,546,591,798,751,592,554,560,614,612,551,573,537,553,646,808,762,622,553,519,615,632,582,594,520,540,689,730,792,628,573,544,573,636,570,610,659,605,533,788,803,622,547,549,616,613,541,581,661.0909,611.5,651.90625,564.9091,612.9167,638.5,776.86365,757.0455,629.2727,631.0,632.75,682.8333
5,Vermont ,million kilowatthours,VT,1506,522,476,475,428,432,454,473,503,452,441,450,481,512,468,455,426,442,442,486,513,459,450,467,511,496,460,448,412,408,417,469,468,441,419,437,478,544,496,476,432,431,447,486,484,448,444,456,520,545,477,495,436,440,487,527,523,487,472,458,536,527,483,491,439,443,475,525,512,458,460,463,517,537,502,502,448,457,475,505,510,467,465,469,527,533,493,489,439,436,467,508,491,460,456,459,509,536,465,467,416,417,431,466,490,437,443,420,509,521,458,460,418,436,447,512,501,450,441,437,515,524,467,470,428,428,444,497,486,450,437,423,494,511,463,445,409,434,443,495,501,439,428,446,497,516,471,472,430,426,447,507,488,437,434,455,506,538,474,486,425,418,440,487,470,454,432,448,497,528,483,483,427,424,432,483,495,459,430,426,451,507,479,453,417,422,436,492,502,454,429,430,497,495,444,469,416,418,433,474,475,437,427,434,502,528,449,458,426,415,422,503,507,453,436,444,489,523,459,458,424,405,419,500,474,420,417,444,486,490,455,440,392,396,430,505,477,419,414,426,486,503,458,457,404,408,448,467,506,429,417,433,483,534,470,466,413,422,430,490,504,421,410,423,488,495,453,458,521.36365,470.45456,468.86365,436.0,442.18182,458.83334,493.5,494.54544,465.5,456.0,458.20587,515.6667
6,New Jersey ,million kilowatthours,NJ,1395,6309,5669,5841,5387,5541,6481,7028,7629,6384,5790,5459,5660,5913,5240,5572,5502,5524,6486,7948,7890,6522,5839,5600,6568,6717,5908,6023,5480,5698,6314,7973,7782,6707,5785,5664,6330,6559,6296,6056,5566,6203,6794,7664,7760,6625,5956,5750,6365,6704,6176,6363,5770,5697,7209,8669,8913,7384,6461,5934,6619,6564,6082,6254,5651,6013,7046,8691,8392,6671,6020,5962,6334,6624,6257,6480,5993,6318,7298,8051,8356,7050,6633,6172,6703,6813,6431,6354,5766,5651,7321,8702,7766,6975,6134,6055,6553,6728,5988,6196,5336,5888,6420,7027,8325,6346,5706,5429,6392,6725,5954,5974,5520,6044,7213,8783,8129,6967,5810,5615,6445,6831,5855,6021,5430,5992,6765,8571,7828,6808,5647,5243,5869,6286,5744,5609,5358,5976,6671,8375,8150,6195,5487,5439,5765,6211,5835,5915,5121,5719,6714,8456,7287,6048,5673,5618,6046,6579,5925,6218,5359,5345,6564,7810,7021,6099,5587,5443,5918,6638,6059,6098,5173,6012,6643,7881,7770,6704,5506,5322,5684,6147,5799,5592,5094,5732,6531,8260,8452,6746,5665,5330,6013,6123,5459,5922,5101,5536,6680,7843,7276,6307,5585,5311,6239,6494,5633,5824,5260,5778,6607,8031,8421,6648,5827,5441,6052,6342,5599,5840,4922,5593,6430,8462,7632,6308,5431,5328,6030,5965,5432,5331,4734,5007,6573,8490,7741,6150,5222,5161,6194,5708,5956,5666,4950,5469,6917,7886,8025,6097,5392,5269,5736,6314,5459,5598,5028,5603,6522,8351,8235,5993,5236,5144,6061,5811,5162,5698,6422.4546,6214.5,6229.8423,5738.9707,5742.6816,6736.3184,8134.1816,7944.5454,6916.85,6037.1665,5728.125,6162.5454
7,New York ,million kilowatthours,NY,1546,12748,12017,11790,11016,11020,12202,12548,13671,13013,11239,11217,11700,12222,11586,11288,11162,11271,12027,14200,14702,13405,11716,11428,12434,12741,11966,11682,10847,10846,11394,13587,13851,12777,11217,11029,12108,12844,12287,11622,11188,11024,12012,13349,13327,12800,11386,11119,12124,12744,12002,12021,11119,10758,12359,14505,14786,13984,12123,11264,12484,12120,11243,11468,10601,10474,11887,13980,14229,12278,11085,11084,11789,12189,12033,11872,11041,11295,12512,13993,14039,13259,12187,11495,12263,12283,11838,11670,10673,10589,12283,13931,13670,12735,11232,10972,12177,12842,11718,11316,10642,10583,11055,12570,13469,12326,10939,10671,11904,12479,11574,11228,10298,10667,12297,14686,14575,12791,11244,10677,12106,12425,11775,11531,10776,10689,12129,14203,14160,12805,11362,10724,11467,11897,11322,11054,10469,10703,12047,14225,14348,13542,11163,10744,11649,12466,12149,11696,11271,11025,12355,14663,14287,13131,11444,11002,12406,13017,12699,12155,11217,11157,12045,13871,13419,13048,11403,11246,12096,12764,12569,12486,11291,10645,12628,13788,14437,13935,11684,10901,11785,12293,11835,11629,10728,10770,12298,14427,15263,14050,11481,11070,11959,12420,11706,11296,10844,10565,12077,14165,13937,12671,11756,11403,12152,13170,11929,11592,11042,10911,12083,14472,14958,14062,11967,11311,12434,12550,12134,11682,10713,10544,11784,14584,14646,12743,11153,10978,12090,12201,11497,11162,10322,9730,11465,14462,14165,12416,10780,10517,11690,12123,11726,11098,10225,10004,12077,13922,13987,12981,11000,10668,11611,12256,11540,11388,10556,10358,11837,13794,14748,12922,10748,10430,11929,11872,11140,11171,12490.637,11870.228,11578.454,10820.046,10977.25,12038.772,13996.591,14212.454,13076.091,11377.682,11252.5,12016.228
8,Pennsylvania ,million kilowatthours,PA,1547,12706,11845,11491,10469,10297,11038,11719,12535,11173,10502,10438,11059,12154,10663,11148,10797,10600,11834,13146,13031,11798,11392,10919,12337,13162,12000,11814,10849,10497,10997,12638,13176,11102,10951,10779,12406,13467,12030,11935,10870,11446,11796,12695,12855,11667,11116,10959,12667,13243,12207,12725,10894,10692,12481,13837,14173,12371,11477,11289,12884,12958,11908,12519,10818,11123,12057,13780,14022,11738,11338,11194,12696,12962,12938,13130,11629,11535,12552,13272,14020,12563,11930,11806,13237,13801,12870,12923,11510,11233,12815,13813,12879,12355,11332,11726,13143,14274,12255,12369,11111,10897,11306,12260,13202,11296,11105,10968,12703,13773,12496,12285,10954,11302,12835,14178,13610,12203,10973,11082,13275,14712,12992,12362,11162,11161,12368,13685,13591,12106,11288,11023,12309,13143,12268,11857,10599,11286,11709,13761,13402,12161,11092,11059,12373,13130,12872,12542,11332,10940,11861,13679,12753,11781,11160,11264,12939,14386,13347,13098,11357,11003,11600,12809,12487,11760,11015,11146,12682,13667,13550,13443,11100,10927,11891,13102,13007,12457,11013,10544,11642,13115,12720,11738,10613,10590,11809,13366,14082,12914,11054,10745,12584,13252,11831,12115,10898,10609,11596,13244,12946,11578,11182,11041,12699,14303,12329,12285,11528,11170,11664,13532,13695,13185,11271,11169,12846,13674,12728,12561,10753,10885,11380,13477,13567,12201,11126,11010,12219,12883,12049,10940,10178,9865,11184,13980,13578,11503,10494,10513,12556,13106,12195,11746,10368,10603,11894,13416,13756,11993,10958,11090,12214,13990,12369,11497,10792,10713,11883,13507,13814,11920,10642,10791,12973,12709,11305,11519,13448.228,12384.637,12205.591,10935.5,10880.637,11843.182,13313.454,13371.863,11992.046,11109.591,11025.228,12565.591
9,Illinois ,million kilowatthours,IL,1545,12383,11675,10709,9619,10711,11618,13059,13895,11199,10293,9966,10907,11237,10761,10752,10346,10383,12341,14435,13854,11757,10724,10487,11368,12326,11092,11046,10130,10242,11033,13175,13977,11266,10324,10224,11414,12262,11480,11023,10212,11103,12031,13157,12390,12096,10580,10943,11976,12204,10898,11558,10186,10645,13479,14439,14516,12519,11243,10681,12618,12198,11359,11687,10578,10984,12060,14524,14175,11131,11094,10807,11851,12285,11539,11534,11001,11682,12874,13678,14587,12250,11244,11234,12148,12873,12199,11571,10592,10701,12545,14029,13391,11692,11337,11025,12665,12970,10830,11137,10155,10287,11938,12148,12624,11300,10632,10422,12244,13040,11758,10817,10221,10870,12512,14809,14972,11942,10747,10568,12505,12942,11594,11295,10403,10662,12155,14759,14173,11768,10700,10712,11723,12249,11279,10960,10101,11132,12880,15636,14064,11948,10922,10692,11675,12353,11454,11604,10795,10977,11688,13507,13339,11673,11003,10954,12457,13272,12027,11887,10211,10984,12224,12661,13288,11169,10611,11336,11871,12512,11733,11741,9929,10746,11746,13314,13106,11974,10373,10324,11123,12101,11098,10771,10127,10579,12540,14122,14495,12197,10673,10160,12186,12089,10311,10873,9757,10386,12258,13694,12576,11887,10735,10641,11987,12625,10976,11025,10262,11462,12895,13938,14012,11905,10823,10956,11776,12358,11085,11325,9812,10384,11361,14339,13034,11795,10566,10830,11430,11583,11088,10412,9080,9677,11760,14144,13200,10574,9955,9748,11249,11564,11244,10395,9392,10123,12447,13257,13960,11511,10412,10344,11040,12366,10913,10711,9716,10765,12374,13442,13130,11176,9879,10095,11628,11438,10124,10587,12354.182,11290.591,11128.772,10506.5,10703.863,12216.318,13830.272,13670.818,11669.5,10675.909,10597.682,11810.954
10,Indiana ,million kilowatthours,IN,1385,9047,8027,7847,7507,7620,8178,9086,9545,8184,7662,7177,7854,8331,7639,8075,7556,7749,8545,9566,9726,8745,8394,8141,8960,9457,8691,8251,7551,7692,7913,9080,9612,8348,7780,7552,8543,9243,8778,8400,7842,8169,8785,9205,9139,8716,8058,7829,8930,9275,8422,8659,7815,7914,9160,9782,10219,9306,8436,8204,9357,8987,8500,8829,7915,8166,8972,10076,10292,8533,8234,8322,8838,9196,9280,8742,8217,8517,9307,9681,10639,9364,8862,8366,9249,9758,9427,9024,8151,8018,9027,9853,9648,8755,8177,8018,9125,9430,8399,7950,7310,7528,8232,8409,9157,8207,7908,7781,9002,9649,8747,8466,7536,8253,9122,10214,10237,8536,7914,7936,9384,9783,8636,8893,7581,8272,8935,10504,9960,8405,8125,7935,8790,9366,8483,8311,7670,8752,9196,10644,9766,8264,8013,8122,8586,9504,8669,9084,7889,8353,8698,9493,9608,8554,8176,8140,9320,10151,9245,9101,7856,8288,9111,9291,9452,8692,8183,8450,9124,9760,9038,9077,7603,8326,8856,9658,9525,8758,7946,7612,8355,9208,8829,8267,7497,7890,8893,9848,10303,8782,7770,7616,8802,8822,7510,8156,7242,7853,8606,9485,9121,8227,7712,7727,8506,9375,8211,8383,7739,8445,8903,9701,9833,8759,8184,8040,8621,9110,8351,8605,7535,7839,8311,9850,9663,8788,7926,7866,8259,8409,8482,7941,6544,6986,8228,9548,9238,8104,7849,7549,8278,8623,8491,7916,7327,7782,8654,9301,9804,8415,7729,7711,7988,8996,8401,8115,7476,7956,8801,9485,9733,8301,7219,7394,8419,8291,7673,7893,9249.091,8557.091,8458.728,7607.227,8016.727,8746.954,9625.454,9737.272,8579.228,8011.6816,7885.8184,9193.833
11,Michigan ,million kilowatthours,MI,1548,8860,7931,8468,7740,8179,8931,9611,10187,8177,8195,7829,8301,8410,7807,8355,8153,7907,9143,10725,10145,8701,8477,8243,8647,9494,8504,8795,8451,8308,9117,10260,10086,9161,8776,8667,9259,9123,8610,9021,8014,8764,8533,9635,9474,9055,8555,8823,8998,9363,8365,8698,7953,8672,10035,10729,10964,9312,8833,8378,9144,8997,8528,8768,7883,8520,9370,10639,10361,8998,8532,8293,9128,9123,8453,8601,8118,8548,9894,10002,10709,9018,9003,8825,9002,9307,8773,8751,8089,8113,9328,9934,9330,8878,8233,8050,8995,8740,8217,8097,7445,7352,8118,8348,8945,8130,8086,7872,8771,8832,8026,8184,7541,8371,8908,10368,10312,7961,8008,8138,9000,9092,8090,8751,7858,8181,8950,10846,9887,8280,8129,8161,8828,8886,8265,8238,7725,8568,9391,11002,9670,8195,8238,8052,8588,8986,8161,8495,7823,8263,8613,9777,9341,8267,8213,8134,8964,9328,8365,8833,7800,8239,8950,9086,9376,8301,8087,8229,8722,9114,8550,8550,7735,8304,8562,9184,9419,8742,7945,7861,8513,8876,8092,8302,7843,8249,9097,10156,10552,8706,8026,7837,8733,8830,7751,8359,7585,8031,8954,9763,9224,8522,8100,7990,8790,9075,8049,8396,7878,8560,9017,10230,10221,8680,8141,8096,8526,8966,7949,8449,7647,7767,8246,10241,9519,8279,7842,7978,8366,8566,8023,7762,6437,6890,8348,10420,9541,7643,7646,7441,8295,8339,7853,7860,7246,7759,9107,9516,10136,8101,7854,7771,8272,8845,7864,8164,7456,7929,8848,9723,9712,8199,7584,7648,8399,8345,7527,8153,8961.454,8424.0,8764.4,8133.5,8157.909,8975.454,10008.863,9868.682,8775.5,8583.0,8424.318,9175.9375
12,Ohio ,million kilowatthours,OH,1388,14678,13229,13478,11905,12191,12754,14407,14908,12256,12207,11401,12382,13080,11729,12348,11642,11809,13327,15222,14601,13042,12162,11667,12777,14123,12813,12818,11439,11658,12346,13943,14200,12009,12097,11701,13042,14293,12884,12741,11617,12091,13143,13734,13558,12752,11985,11877,13547,14090,12597,13228,11676,11934,13955,15059,15355,13301,12630,12365,13988,13205,12287,13069,11204,11977,12791,14906,14997,11857,12204,12044,12887,13806,13578,13213,12108,12771,13741,14218,15837,13483,12984,12236,13794,14475,13788,13791,11814,12061,13591,14762,14244,12821,12216,12129,13696,14452,12244,12268,10906,11002,12194,12334,13425,11572,11632,11029,13242,13917,12580,12530,10882,11836,13482,14746,14934,12178,11516,11704,13840,14331,12493,12795,11257,12140,12992,15554,14580,12430,11739,11630,12805,13606,12556,11967,11419,12392,13264,15290,14529,11694,11628,11602,12510,13442,12302,13135,11263,12076,12563,13919,13431,11977,11626,11576,12996,14553,12949,12906,10887,11617,12880,13156,13375,11977,11598,11916,12865,13951,13318,12749,10923,11861,12699,13729,13525,12434,11238,10998,11788,13266,12308,11773,10921,11475,12708,14496,15158,12956,11353,11192,12992,12994,11225,12324,10715,11466,12643,13920,13417,11942,11412,11584,13002,14043,11801,12429,11277,12270,13024,14262,14342,12783,12209,11883,12592,13447,11943,12697,10719,11393,11976,14917,13683,12551,11322,11611,12263,12608,12138,11452,9922,10177,12124,14536,13512,11570,11221,10790,12567,12739,12427,11642,10773,11414,12798,13956,14543,12229,11640,11482,12075,13595,12149,12425,10947,11565,13153,14358,14193,12176,11048,11407,13172,12727,11341,12497,14409.833,12515.363,13241.667,11794.35,12198.5,12915.818,14337.454,14288.5,12363.182,12183.3125,11880.375,12946.454
13,Wisconsin ,million kilowatthours,WI,1507,5690,5229,5364,4894,5198,5372,6136,6373,5300,5284,4992,5386,5540,5042,5370,5142,5152,5692,6630,6304,5774,5470,5169,5715,5825,5302,5563,5056,5279,5415,6189,6506,5665,5467,5224,5752,5941,5528,5551,5177,5337,5682,6053,5972,5905,5494,5357,5977,6037,5245,5647,5199,5395,6360,6645,6730,5967,5678,5398,6035,5893,5463,5740,5234,5479,5867,6791,6640,5775,5655,5422,5863,5981,5818,5741,5278,5632,6059,6602,6727,5993,5898,5504,6068,6319,5984,5889,5470,5452,5716,6442,6280,5662,5532,5427,5950,6140,5403,5630,5066,5156,5437,5748,5900,5314,5366,5187,5940,6092,5345,5519,5146,5384,5793,6629,6717,5399,5352,5312,6065,6138,5403,5683,5216,5363,5605,6739,6433,5469,5338,5331,5894,5912,5490,5519,5099,5445,6050,7090,6273,5420,5366,5308,5847,6087,5502,5690,5349,5417,5607,6386,6291,5627,5517,5497,6154,6443,5804,5892,5331,5384,5757,6017,6303,5528,5471,5574,5991,6185,5661,5683,5209,5343,5613,6329,6282,5917,5356,5355,5767,6104,5588,5545,5202,5319,5951,6610,6772,5736,5483,5336,6091,6104,5377,5710,5210,5315,5963,6447,6150,5759,5508,5484,6051,6275,5583,5725,5395,5678,5985,6724,6720,5783,5605,5575,5911,6182,5619,5849,5265,5359,5529,6739,6222,5627,5499,5430,5835,5967,5553,5567,4894,4946,5717,6786,6337,5300,5302,5255,5825,5889,5662,5574,5095,5313,6202,6552,6757,5620,5529,5359,5875,6267,5583,5801,5250,5568,5949,6566,6567,5726,5327,5452,6054,6031,5428,5800,5896.6313,5321.5,5554.75,5189.864,5359.727,5787.3184,6493.1816,6420.727,5648.4546,5477.136,5243.375,5911.1816
14,Iowa ,million kilowatthours,IA,1542,3401,3104,3057,2997,3090,3284,3905,3935,3080,3096,3316,3180,3385,3072,3220,3041,3149,3687,4093,3879,3498,3326,3184,3364,3536,3311,3214,3175,3056,3373,4013,4104,3374,3416,3251,3384,3553,3443,3197,3050,3273,3429,3762,3603,3537,3295,3202,3561,3639,3195,3379,3150,3278,3724,4223,3981,3664,3531,3350,3642,3646,3394,3501,3224,3359,3815,4321,4152,3501,3429,3359,3638,3743,3591,3588,3371,3541,3864,4331,4485,3749,3726,3523,3759,4087,3861,3832,3594,3541,3664,4136,4081,3524,3620,3555,3993,4167,3636,3648,3333,3233,3687,3726,3888,3410,3341,3516,4056,4100,3684,3593,3426,3540,3895,4133,4413,3535,3480,3584,4062,4150,3706,3763,3417,3541,3814,4480,4203,3531,3483,3537,4029,3927,3759,3638,3331,3632,3990,4659,4167,3624,3557,3566,3859,4133,3772,3849,3564,3684,3750,4156,4307,3740,3674,3852,4224,4396,4089,3917,3639,3730,3921,4048,4187,3691,3677,3819,4087,4322,3985,3891,3510,3651,3948,4298,4262,3942,3651,3663,4027,4275,3933,3899,3584,3673,4209,4375,4561,3931,3775,3804,4411,4384,3819,4036,3621,3773,4266,4596,4239,3956,3976,3934,4322,4624,4149,4145,3976,3978,4485,4536,4743,4077,3966,4161,4370,4624,4263,4373,3838,3862,4115,4760,4480,4191,4010,4134,4394,4548,4327,4066,3719,3733,4323,4765,4628,4042,4044,4010,4436,4558,4455,4302,3920,4016,4647,4883,4945,4297,4212,4156,4502,4949,4446,4522,4087,4335,4580,5049,4906,4368,4101,4341,4858,4938,4409,4639,3464.8333,3107.15,3181.0,3000.75,3107.3684,3323.0,3819.2812,3773.7,3173.5,3180.5,3046.0625,3393.75
15,Kansas ,million kilowatthours,KS,1372,2972,2624,2677,2585,2790,3209,4098,3963,3030,2664,2575,2661,2887,2526,2661,2571,2754,3453,3944,3906,3488,2940,2692,2892,2997,2696,2727,2619,2797,3209,4101,4100,3097,2787,2679,2925,3049,2869,2740,2672,3008,3385,3716,3566,3425,2874,2765,3057,3190,2688,2763,2698,3020,3641,4078,3994,3667,3115,2864,3305,3072,2848,2930,2888,3161,3724,4283,4330,3254,2996,2928,3337,3285,3097,2886,2860,3116,3504,4009,4474,3575,3066,3024,3271,3401,3180,3013,2894,3060,3718,4155,4049,3305,2967,2907,3316,3293,2845,2849,2810,2977,3667,3812,3809,3198,2875,2799,3308,3611,2992,2979,2743,3039,3849,4234,4373,3560,2942,2835,3266,3424,3200,3004,2832,3071,3858,4558,4351,3431,2945,2861,3227,3257,2950,2917,2875,3316,3848,4557,4080,3401,2978,2922,3192,3317,2948,3093,2820,3044,3578,3999,3946,3618,3082,3002,3400,3600,3263,3166,2805,3176,3648,3976,4085,3561,2992,3018,3273,3438,3188,3032,2738,2974,3729,4100,4031,3687,2973,2857,3103,3450,3062,2847,2801,3064,3960,4288,4251,3683,3106,2956,3343,3391,2828,2970,2895,3144,3674,4346,3984,3611,3167,2979,3300,3589,3111,3060,2974,3512,3958,4348,4250,3632,3222,3125,3254,3426,3281,3143,2876,3137,3576,4161,4205,3902,3208,3024,3222,3309,3113,2927,2693,2765,3684,4230,4080,3448,3104,2874,3257,3278,3367,2940,2720,3018,3716,4067,4286,3822,3188,2988,3101,3445,3204,3129,2938,3341,3890,4394,4409,3783,3140,3073,3390,3622,2926,3063,3065.5,2736.5,2725.0,2695.9375,2912.0,3462.0,4157.0,4114.636,3293.8,2811.5625,2733.375,3200.0
16,Minnesota ,million kilowatthours,MN,1500,5329,4806,4830,4445,4745,5087,5774,6014,5011,4850,4695,5099,5246,4634,4940,4658,4731,5284,6227,5821,5363,5082,4900,5276,5622,5024,5089,4716,4792,4984,5852,6124,5436,5036,5001,5411,5576,5332,5104,4749,4856,5159,5780,5461,5430,5184,5095,5615,5739,4855,5219,5026,4972,5607,6536,6124,5535,5468,5315,5623,5641,5174,5417,5011,5100,5587,6755,6311,5595,5402,5180,5598,5739,5449,5394,5046,5223,5762,6507,6474,5950,5618,5296,5772,6171,5881,5841,5331,5290,5427,6306,6210,5475,5408,5453,6000,6089,5475,5481,4918,4787,4953,5377,5540,5196,5191,5129,5869,6070,5318,5520,5007,5319,5608,6375,6574,5331,5222,5374,6082,6211,5629,5820,5177,5263,5586,6563,6285,5476,5314,5388,5821,5931,5536,5508,5063,5308,5787,6794,6167,5363,5300,5402,5828,6143,5545,5741,5288,5257,5491,6298,6265,5649,5351,5476,6140,6353,5751,5907,5257,5284,5574,5966,6213,5460,5358,5491,6107,6191,5600,5723,5167,5063,5361,6099,5915,5502,5188,5107,5663,5966,5451,5377,4884,5063,5586,6192,6273,5402,5226,5138,5987,6123,5276,5634,5048,5217,5660,6212,5808,5566,5202,5416,5990,6193,5511,5724,5230,5469,5888,6301,6295,5488,5271,5419,5919,6134,5509,5880,5090,5136,5348,6153,5865,5344,5280,5378,5849,5977,5471,5499,4700,4499,5241,6069,5925,4933,5003,5052,5684,5705,5437,5466,4908,5115,5955,6293,6236,5273,5196,5221,5782,6096,5459,5645,4973,5128,5498,6166,6010,5366,5013,5195,5885,5961,5312,5671,5705.0,5224.0,5133.375,4986.0,5073.5,5474.227,6208.864,6086.8184,5415.636,5234.6816,5128.0,5586.5
17,Missouri ,million kilowatthours,MO,1373,6938,5981,5657,5401,5557,6109,7500,7502,6105,5299,5172,5992,6260,5690,5762,5334,5408,6856,7837,7700,6719,5647,5525,6264,6861,6293,5838,5173,5386,5923,7691,7780,5953,5526,5433,6383,6814,6307,5730,5273,5843,6436,7194,6845,6276,5498,5417,6422,6825,5918,5997,5344,5781,7456,8240,8403,7413,6365,5973,7227,6721,6455,6419,5681,6282,7294,8460,8721,6654,6283,6153,6893,7262,7038,6356,5916,6471,7249,8182,9119,7904,6545,6229,7262,7673,7336,6845,6015,6046,7281,8214,8017,6838,6225,6313,7580,7825,6454,6278,5797,5861,7063,7421,7479,6418,5981,5867,7453,8108,7273,6684,5827,6231,7780,8717,8841,6952,6003,6030,7640,8054,7027,6567,5824,6133,7428,9015,8585,6714,5986,6007,6915,7119,6530,6144,5711,6592,7501,9176,8159,6590,5987,6046,6880,7551,6756,7028,6112,6267,7018,7847,7836,7047,6154,6234,7558,8225,7513,6885,5785,6322,7215,7630,7973,6746,5924,6464,7196,7636,7308,6733,5597,6009,7112,8118,7857,6980,5852,5799,6503,7174,6569,5786,5232,5612,7214,7998,8012,6941,5791,5465,6824,6998,5737,5847,5371,5675,6823,8142,7185,6506,5804,5646,6728,7748,6560,6146,5757,6484,7437,8091,7884,6847,6033,6251,6818,7252,6674,6368,5367,5829,6558,7825,7649,7047,5876,5874,6537,6829,6449,5829,5089,5246,6835,8020,7387,6258,5599,5530,6655,7040,7246,5902,5329,5476,6907,7649,7913,6738,5746,5696,6121,7465,6775,6171,5534,6041,7189,8258,7903,6544,5529,5906,7028,7104,5987,6039,7289.909,6631.3184,6226.0,5566.773,5934.1816,7031.091,8055.6816,7943.1816,6735.909,5893.3184,5865.0,6858.136
18,Nebraska ,million kilowatthours,NE,1543,2134,2002,1903,1807,1854,2070,2524,2517,2148,1901,1847,2017,2037,1936,1982,1858,1879,2256,2737,2610,2392,1987,1944,2043,2172,2034,2014,1831,1868,2092,2794,2744,2152,1942,1979,2234,2260,2157,2010,1905,1974,2166,2488,2463,2296,1964,1966,2226,2337,2058,2063,1853,2037,2338,2869,2677,2388,2038,1979,2339,2319,2153,2185,1993,2100,2421,2859,2654,2136,2085,2087,2283,2441,2341,2243,2017,2149,2340,2785,2816,2319,2117,2190,2490,2543,2437,2321,2131,2114,2316,2815,2809,2315,2175,2201,2644,2632,2357,2284,2047,2096,2309,2649,2642,2298,2173,2235,2731,2747,2447,2420,2273,2167,2441,2895,3040,2386,2158,2248,2628,2667,2504,2466,2145,2184,2399,2999,2910,2370,2201,2294,2538,2570,2457,2342,2160,2412,2813,3437,3109,2441,2244,2294,2549,2660,2398,2436,2282,2346,2470,3062,2969,2613,2332,2394,2738,2807,2546,2499,2225,2326,2472,2882,2852,2410,2250,2345,2608,2665,2424,2336,2132,2159,2451,3000,2833,2538,2230,2216,2512,2633,2413,2268,2108,2182,2753,3068,3042,2520,2274,2248,2690,2703,2316,2348,2212,2273,2704,3202,2810,2545,2273,2350,2623,2761,2515,2495,2280,2428,2707,3050,2914,2477,2293,2408,2610,2726,2562,2589,2188,2271,2432,2953,2808,2533,2316,2388,2618,2791,2538,2502,2175,2118,2755,3192,3139,2507,2375,2389,2691,2592,2724,2532,2263,2373,2898,3231,3275,2727,2453,2506,2767,2864,2670,2657,2393,2500,2872,3245,3397,2782,2432,2533,2916,2935,2643,2697,2288.1,2101.4,2016.5883,1893.85,1898.5312,2083.7,2621.25,2515.9167,2166.5,1972.1471,1963.8,2289.8
19,North Dakota ,million kilowatthours,ND,1502,957,917,847,756,732,716,819,838,755,773,801,898,943,868,890,791,752,769,874,830,833,840,873,955,1016,972,932,794,742,739,853,893,798,827,912,982,1066,999,924,811,768,736,832,820,811,849,888,1012,1097,947,939,818,799,822,904,901,826,856,919,1012,1060,1019,1029,860,806,850,950,905,841,908,957,1060,1134,1106,1015,950,864,883,989,966,884,921,1008,1185,1233,1184,1142,978,906,846,965,995,906,951,1037,1274,1319,1188,1174,1004,906,891,946,957,922,1007,1048,1286,1311,1188,1123,983,920,932,1031,1080,949,979,1137,1322,1397,1256,1271,1084,1002,964,1080,1096,1026,1058,1189,1314,1376,1320,1232,1084,1068,1075,1254,1208,1119,1176,1285,1520,1576,1445,1402,1284,1186,1100,1257,1235,1172,1225,1459,1692,1790,1670,1611,1469,1378,1266,1403,1384,1351,1467,1635,1815,1817,1673,1602,1423,1337,1338,1465,1492,1330,1414,1534,1703,1832,1645,1567,1432,1364,1384,1506,1524,1390,1493,1547,1835,1955,1724,1784,1566,1511,1523,1680,1588,1507,1575,1767,1959,1974,1845,1796,1633,1588,1551,1645,1658,1533,1667,1825,1954,2094,1957,1916,1646,1626,1569,1715,1698,1603,1770,1889,2078,2131,1966,1960,1731,1537,1542,1716,1791,1674,1841,1888,2043,2076,2032,1943,1805,1737,1813,1914,1894,1720,1776,1939,2214,2297,2107,2195,1859,1937,1939,2069,2087,2017,2120,2267,2414,2441,2264,2514,678.5789,634.375,607.5,488.125,454.58334,443.575,558.75,514.78125,502.0,498.15625,567.625,691.25
20,South Dakota ,million kilowatthours,SD,1504,803,747,712,651,633,665,807,852,724,649,667,718,775,717,738,686,650,712,887,854,760,682,715,761,829,763,750,679,660,674,839,895,772,691,723,805,859,828,761,692,674,703,813,819,781,715,741,828,901,796,780,719,706,793,947,934,849,756,751,878,910,838,848,770,732,810,932,939,805,764,806,901,970,949,870,798,785,828,968,988,853,799,830,965,1029,1021,942,869,824,815,940,984,850,808,875,1017,1102,1007,951,876,809,829,904,924,853,841,868,1047,1135,1016,975,877,823,870,989,1022,897,816,872,1065,1135,1052,1025,929,865,877,1007,1071,935,860,897,1025,1067,1021,979,890,861,936,1113,1081,957,877,921,1031,1146,1057,1039,978,897,896,1040,1056,1018,930,985,1168,1230,1140,1095,983,910,934,1010,1056,956,928,991,1122,1179,1084,1024,925,871,948,1073,1085,979,920,937,1076,1147,1057,984,899,879,996,1079,1138,963,916,938,1134,1229,1051,1029,904,908,994,1131,1056,974,930,989,1118,1222,1131,1113,1008,960,1036,1115,1129,995,969,1029,1148,1196,1193,1166,996,944,987,1113,1090,1006,995,1039,1143,1224,1118,1086,958,881,1003,1161,1167,1006,977,997,1119,1148,1162,1084,986,946,1098,1194,1215,1055,990,1014,1149,1263,1168,1152,1043,979,1046,1197,1229,1089,983,1061,1217,1262,1163,1184,895.1579,815.5,763.625,713.375,691.25,687.0,826.0625,875.53125,783.5,694.0833,721.9091,837.9231
21,Delaware ,million kilowatthours,DE,1392,1068,1059,966,877,813,907,1061,1069,1029,848,839,841,1016,934,951,876,895,976,1156,1224,1139,979,898,974,1098,1114,1060,938,934,978,1190,1203,1172,971,905,1037,1056,1089,956,906,882,991,1077,1086,1068,874,861,915,1038,1054,1021,916,837,961,1153,1234,1158,971,847,948,1033,975,959,853,813,933,1106,1184,1043,894,848,914,988,1017,1029,898,851,981,1087,1143,1108,919,911,937,1051,1025,958,882,836,957,1129,1131,1033,921,839,987,1073,1001,936,838,803,886,1026,1079,1048,858,811,899,1089,970,964,824,792,936,1214,1164,1068,853,786,945,1098,986,902,846,791,979,1120,1164,1030,858,823,885,990,918,886,817,884,996,1284,1211,863,830,933,908,1089,1014,852,841,873,952,1151,1041,920,823,843,949,1071,994,982,853,824,944,1091,1001,931,852,858,936,1142,1050,1003,833,830,958,1099,1078,958,877,850,820,994,956,862,769,836,944,1120,1196,1009,849,810,912,984,861,900,813,818,940,1120,1062,1000,845,827,959,1088,910,957,896,875,957,1153,1167,1024,920,878,948,1032,939,940,804,842,967,1170,1151,994,823,845,961,964,895,868,801,806,946,1189,1170,917,826,800,947,990,946,900,803,842,1034,1181,1168,986,843,843,943,1075,994,922,839,843,988,1158,1185,989,812,798,987,953,874,930,1046.6818,1060.875,1001.9167,893.375,841.8182,959.5909,1137.9546,1141.409,1104.7727,906.5,847.86365,934.1818
22,District Of Columbia ,million kilowatthours,DC,1393,923,823,925,808,820,1082,978,1096,900,846,806,875,915,743,869,777,899,1041,1056,1152,1030,925,800,921,957,840,866,834,827,949,1108,1103,921,850,863,829,972,940,866,847,940,939,1165,1165,952,864,833,931,982,894,1025,832,714,1081,1239,1233,1054,900,882,979,812,882,926,835,921,1097,1036,1001,1007,992,969,919,972,976,895,876,993,1087,1183,1184,1033,976,909,1028,969,890,861,835,907,1148,1198,1075,989,892,885,966,1033,851,894,841,922,1029,1097,1166,911,866,838,987,988,902,858,829,976,1172,1211,1167,1003,882,873,1016,1019,857,890,834,961,1083,1251,1085,950,881,848,905,936,840,834,816,957,1000,1216,1130,925,849,874,881,817,847,977,791,889,1016,1171,1105,882,857,817,916,1005,881,925,856,891,980,1110,994,919,873,853,906,1016,956,914,842,903,1029,1124,1072,980,773,831,850,976,995,921,769,843,1040,1131,1148,991,875,816,889,926,801,869,802,850,993,1113,1034,918,880,823,909,993,828,952,825,883,962,1109,1096,988,924,897,902,954,828,900,785,922,942,1137,1087,959,845,810,859,906,816,747,712,764,742,1015,925,825,736,753,844,865,764,749,688,804,878,1048,1038,822,787,817,823,925,805,812,699,802,923,1040,988,879,777,765,814,840,773,752,948.2273,861.7727,885.2273,867.6875,881.2727,1112.579,1124.3636,1161.25,1000.0,916.75,843.7273,962.8461
23,Florida ,million kilowatthours,FL,1381,18377,15263,14383,14641,15043,18068,19190,19370,19800,16447,15034,15136,17040,14900,14693,15447,17606,18487,19520,20511,20301,18890,16878,16199,17719,17012,15916,15704,17335,19377,20800,20799,20734,18284,16714,16986,17669,16182,15828,15137,17107,20484,22257,20842,19824,18678,16993,17584,17745,16267,16028,15929,16744,19904,22550,23005,22804,20195,16424,17383,17736,16159,15893,16599,18498,21224,22422,23283,22165,19564,17338,17339,18144,16943,16337,16360,17965,20140,22421,23677,23214,20563,17878,17442,18439,16515,16164,16613,18158,21592,21810,21982,22344,19036,16605,16913,17648,16733,15561,15993,17872,20349,22496,21904,21486,19868,17537,17304,20264,17291,16645,15364,17944,21766,23138,23294,22240,18641,16658,17964,18843,16110,15229,17020,18564,21422,22145,23199,22175,18434,15852,16098,16566,15480,16484,16693,18822,20404,22262,22575,20777,18815,15693,16102,16644,15478,16026,16847,18026,20597,21442,22421,21102,19339,16773,17225,17764,17016,16431,16724,18744,20310,22199,23331,21448,19034,16276,16801,17494,16135,17918,18292,19508,21678,23252,23351,22081,19599,18456,17835,17533,16441,17045,17145,19509,22113,24776,24224,22544,19875,17010,17507,17205,15619,16621,17812,20283,21350,23689,23954,21540,20302,17437,17342,19032,16740,16998,17398,18844,21848,23732,23699,23238,21308,18204,17525,17551,16527,17347,17848,20584,22635,23879,23902,23358,21597,17831,17290,17554,16679,18071,18601,19311,22230,24656,24983,22955,21040,18497,17865,17940,17135,17990,18002,20358,22221,23857,24617,23143,21325,16616,18358,18146,18069,19593,19272,22249,24592,26817,27008,24284,20638,19071,19776,19265,17620,19521,17866.045,16395.182,14895.625,14956.75,16523.03,19284.125,20334.182,20987.834,20764.75,18055.5,16065.3125,16597.625
24,Georgia ,million kilowatthours,GA,1382,10979,8917,8862,8690,9422,10265,11651,12307,10408,9076,8434,8779,10314,8858,9204,9045,9744,10965,12422,12805,11405,10078,9029,9918,11028,9826,9330,8704,9674,10391,12281,12517,11335,9463,8807,10321,11104,10382,9716,9144,10452,11866,13031,12818,11018,10104,9262,10569,10974,10042,10083,9255,9939,11343,13302,13635,12460,10914,9484,10835,10855,9681,9974,9581,10426,12186,14016,14627,12368,10551,9898,10671,11173,10835,10329,9630,10731,12490,13231,14765,12850,11085,9809,10526,11784,10726,10079,9681,10581,12656,13648,13583,11995,10213,9672,10553,11398,10168,9794,9099,10120,11895,13491,13139,11485,10121,9226,10830,12805,11149,10597,9473,10672,12898,14431,14566,12764,10219,9390,11708,12600,10566,9831,9672,10773,12895,14121,14331,12100,9850,9304,10328,10883,9841,9820,9560,10971,11840,13644,13150,11517,9917,9630,10206,10815,10006,10411,9408,10095,11727,12580,12871,11661,10243,9889,10791,12827,10819,10382,9537,10591,12022,13021,13214,12054,10424,10219,10680,12027,11303,10493,9566,10704,12375,13998,13722,11781,10254,9595,10059,11822,10851,10096,9592,10633,12598,14331,14295,12842,10678,9679,10695,11020,9335,10034,9948,10704,11966,13559,13487,11629,10862,9881,11031,13042,10130,10113,9545,11103,12856,13751,13638,13161,11123,10345,11059,11831,10065,10336,9785,11691,12274,13918,14057,13315,11155,10150,10723,11216,10389,10002,8898,10011,11702,14171,13656,11816,10390,9697,11523,11894,10765,10418,9741,10677,12315,13650,13992,12073,10860,10391,10587,12480,10792,10499,9975,11758,13615,14770,14205,12205,10473,10340,12093,11617,10166,10608,10705.5,9800.531,9568.25,9149.682,9883.3,11311.833,12778.7,13021.5,11506.5,9819.75,8987.225,10166.728
25,Maryland ,million kilowatthours,MD,1394,5921,4954,5367,4537,4717,5215,5563,6087,5073,4610,4580,5016,5576,5046,5557,4841,4781,5667,6739,6899,5820,5259,5157,7036,5300,6325,6146,5458,5336,5634,6790,6958,6297,5338,5268,6409,6368,5960,5524,5278,5137,5564,6099,6120,5496,4903,4748,5695,6227,5454,5696,4733,4808,5950,6783,6827,5823,4993,5010,6061,5342,5278,5223,4439,4718,5482,6385,6480,4931,4769,4775,5351,5603,5834,5245,4753,4881,5580,6136,6436,5456,5007,4816,5643,5750,5441,5124,4452,4559,5654,6294,5784,5224,4677,4823,5543,6138,5198,5180,4594,4660,5177,5775,6178,4897,4598,4544,5648,6129,5490,5057,4458,4885,5928,6677,6351,5341,4541,4561,5918,6247,5155,5023,4519,4787,5693,6660,6098,5192,4525,4559,5142,5588,5062,4708,4369,4757,5419,6518,6089,5046,4453,4672,5133,5745,5170,5168,4322,4684,5372,6259,5609,4821,4490,4684,5574,6278,5290,5377,4414,4611,5331,5805,5410,4818,4307,4770,5274,6090,5938,5313,4252,4857,5155,5973,5744,4933,4316,4528,4683,5704,5279,4797,4161,4409,5139,6242,6378,5207,4321,4392,5324,5360,4575,4931,4134,4368,5271,6118,5474,4737,4348,4496,5492,6217,4739,5231,4334,4684,5088,5964,6025,5162,4586,4757,5300,5796,4995,5033,4056,4627,5048,6281,5821,5009,4184,4616,5254,5235,4768,4366,3974,4122,4929,6347,5761,4600,4023,4176,5328,5524,5133,4611,3944,4282,5326,5981,5989,4816,4211,4530,4957,5978,4915,4653,4032,4465,5044,5981,5849,4675,4148,4397,5477,5057,4532,4687,5823.4546,5522.625,5606.6,4921.4,4991.7,5711.65,6244.091,6516.591,5519.25,5042.25,4927.5,5783.0
26,North Carolina ,million kilowatthours,NC,1387,11601,9525,9196,9156,8972,10151,11133,11709,10996,9032,8763,8793,10594,9573,9025,8932,9543,10320,11895,12502,11347,9757,8941,10257,10822,11103,9408,8541,9058,9972,11661,11991,10761,9018,8567,10433,11146,10651,9808,9143,9869,11248,12290,11920,10701,9484,8948,10449,11062,10197,10232,9099,9164,10704,12623,13049,11964,10161,9194,10886,10723,9844,9811,9140,9635,11189,12626,13274,11239,9775,9293,10148,10936,11103,10047,9359,9958,11408,12385,13780,12197,10642,9731,10336,11638,10833,9788,9329,9852,11942,12660,12746,11384,9777,9672,10449,11609,10493,10158,9091,9471,11257,12467,12645,10980,9581,9007,10899,12834,11331,10770,9195,9823,12210,13558,13609,12061,9760,9307,11957,12770,10253,9936,9245,10082,12108,13320,13268,10978,9519,9333,10273,11023,9997,9593,9020,10409,11252,13087,12651,10859,9677,9891,10625,11403,10328,10804,9391,9817,11229,12610,12190,11168,9826,9912,11103,12873,11006,10972,9285,10287,11605,12423,12350,11286,9797,10022,11227,12230,11827,10764,9175,10280,12212,13400,12724,11485,9768,9254,10728,11979,11047,10035,9154,9884,12054,13792,13778,12129,9705,9637,11210,11221,9376,10283,9229,10508,11778,13233,13030,11074,10212,10080,11398,13431,10222,10462,9374,11020,12452,13473,13350,12261,10570,10467,11204,11995,10223,10488,9478,11175,11816,13741,13116,12530,10700,9899,11272,11359,10566,9946,8667,9725,11067,13787,12828,11135,10143,10210,10959,12382,11307,10052,9731,10041,11658,13349,13873,11891,10254,10235,10921,13578,11704,10183,9466,11155,12627,14145,13689,11286,9986,10540,12105,11082,9977,10830,10739.677,10568.591,9573.5,8983.4,9079.55,10653.2,11827.4375,12333.125,11441.454,9371.75,8836.156,10212.1
27,South Carolina ,million kilowatthours,SC,1384,7126,6151,5619,5716,5845,6443,6968,7266,6935,5820,5445,5498,6534,5899,5766,5709,6153,6697,7456,7813,7248,6372,5771,6401,6784,6628,5955,5527,6015,6460,7404,7563,6872,5929,5491,6427,6899,6624,6249,5625,6585,7210,7901,7531,6731,6113,5823,6617,6833,6305,6292,5890,6175,6968,7930,8168,7488,6659,5992,6553,6596,6215,6211,5967,6389,7258,8145,8377,7116,6263,5952,6387,6722,6595,6190,5974,6399,7282,7820,8485,7487,6596,6065,6332,7091,6471,6161,5920,6314,7644,7874,7977,7050,6055,5826,6268,6651,6086,5899,5301,5894,6976,7587,7626,6627,5842,5486,6443,7453,6652,6383,5582,6254,7568,8191,8251,7283,5986,5720,7157,7523,6227,5882,5807,6437,7477,8158,8243,6960,5916,5678,6181,6573,5935,5868,5727,6437,6845,8042,7663,6657,6038,5845,6153,6633,6093,6400,5767,6022,6933,7703,7589,6914,6178,6041,6330,7644,6513,6535,5734,6441,7284,7736,7780,7071,6139,6160,6583,7225,6834,6373,5654,6446,7575,8254,8037,6930,6081,5880,6040,6967,6460,5706,5539,6221,7191,8344,8241,6965,5922,5826,6196,6457,5458,5938,5795,6385,6965,7966,7846,6608,6436,5843,6400,7789,5803,5966,5688,6635,7502,8003,8074,7445,6484,5819,6431,6877,5806,5925,5778,6775,7050,8094,8008,7319,6552,5763,6258,6445,6109,5891,5159,5740,6728,7985,7833,6667,6012,5920,6249,6923,6271,5777,5751,6258,7022,8105,8098,6955,6507,5831,6294,7332,6498,6181,5874,6959,7714,8636,8127,7152,6048,6349,6739,6909,5864,6111,6958.0454,6256.0454,6053.0454,5703.8184,6131.3335,7126.909,7595.591,7936.1816,7021.8184,6179.4546,5842.091,6360.773
28,Virginia ,million kilowatthours,VA,1390,9576,7820,8070,7153,7224,8264,8896,9404,7753,7272,7163,7859,8717,7841,7675,7250,7579,8923,9885,9721,8631,7774,7604,9019,9945,8940,8108,7268,7318,8164,9728,9900,7721,7643,7553,9221,10012,9106,8136,7677,8838,8849,9959,9705,8400,7609,7911,9222,9942,8365,9125,7490,7738,9309,10551,10793,9308,8335,8050,9844,9119,8701,8519,7561,8145,9128,10835,10796,8631,8117,8207,8961,9732,9834,8632,8103,8502,9502,10358,11076,9340,8737,8338,9417,10184,9232,8512,7948,8202,10104,10549,10134,9055,8126,8415,9646,10648,8927,8926,7753,8019,9400,9890,10550,8460,8079,7782,10030,10724,9686,8568,7467,8428,10490,11352,10701,9401,7875,8135,10980,10887,8900,8688,7907,8497,9870,11284,10355,8949,7903,7932,9056,9717,8734,8086,7609,8583,9242,11000,10395,8696,8067,8559,9107,9947,9281,9506,7879,8262,9359,10698,9902,8720,8360,8776,9823,11327,9554,9676,7754,8402,9537,10227,9798,8906,8185,8939,9793,10841,10659,9435,7651,8833,9947,10627,10290,9058,8180,7813,8675,10732,9600,8406,7785,8152,9338,11206,11266,9429,8242,8227,9898,9905,8557,9372,7906,8502,9680,11044,10410,8811,8445,8615,10284,11724,8837,9666,8200,9325,10116,10881,10970,10099,9029,9235,10084,11046,9261,9584,8078,9274,10032,11663,11050,10003,8881,9410,10153,10523,9507,9033,7977,8416,9959,12356,11617,9503,8445,8953,10965,11403,10639,9632,8628,9304,10820,12258,12157,10388,9662,10273,10082,12080,11022,9511,9547,10052,10619,12951,12018,10473,9626,10409,11799,10694,9958,10681,9298.25,8239.75,7992.773,7258.9375,7534.0,8585.954,9476.75,9558.625,8038.625,7503.5,7164.727,9023.3
29,West Virginia ,million kilowatthours,WV,1391,2973,2411,2405,2249,2108,2117,2276,2370,2156,2183,2096,2325,2715,2371,2393,2202,2211,2163,2412,2529,2359,2235,2243,2631,2938,2577,2367,2127,2084,2089,2387,2461,2085,2272,2174,2735,2856,2546,2420,2232,2317,2251,2436,2437,2205,2101,2262,2856,2817,2510,2696,2238,2147,2476,2561,2653,2330,2231,2468,3026,2967,2801,2852,2317,2530,2562,2786,2884,2298,2657,2649,3011,3127,3135,2836,2624,2597,2867,2743,3159,2579,2659,2807,3052,3323,3000,2900,2595,2595,2778,2879,2789,2605,2689,2941,3127,3397,2717,2597,2246,2189,2278,2355,2597,2273,2358,2362,2901,3161,2931,2722,2222,2294,2553,2800,2809,2399,2399,2479,3263,3237,2764,2694,2322,2312,2460,2725,2795,2371,2350,2477,2734,2994,2745,2429,2289,2400,2407,2698,2733,2286,2481,2618,2738,2990,2798,3000,2282,2389,2531,2666,2512,2350,2407,2650,2824,3524,2879,2955,2345,2439,2577,2636,2675,2424,2485,2803,2952,3388,3252,2824,2283,2595,2659,2707,2744,2469,2409,2374,2598,3288,2888,2551,2360,2391,2503,2795,2956,2581,2355,2480,2930,2922,2421,2888,2287,2433,2527,2781,2738,2408,2547,2652,3105,3432,2641,3067,2477,2649,2657,2866,2861,2580,2701,2692,3024,3270,2774,2965,2377,2538,2494,3041,2838,2629,2552,2822,2947,3045,2782,2650,2380,2415,2477,2962,2870,2433,2470,2554,3039,3200,2890,2751,2458,2509,2616,2877,2910,2500,2523,2732,2812,3335,2799,2779,2457,2565,2625,2856,2872,2443,2509,2653,3100,2946,2588,2888,2924.6667,2756.0,2534.75,2198.75,2203.0588,2310.5588,2461.6177,2560.0,2250.2,2287.25,2344.5,2896.818
30,Alabama ,million kilowatthours,AL,1380,7362,6041,5895,6065,6414,7169,7794,7907,7102,5983,5812,5815,7120,5745,6254,6181,6782,7278,8243,8335,7602,6733,6066,6728,7280,6779,6265,6120,6914,7054,8008,8260,7639,6462,6202,6860,7522,6901,6664,6375,7243,7790,8660,8347,7213,6683,6331,7142,7403,6798,6821,6458,6962,7713,8551,8755,8439,7288,6536,7480,7350,6809,6870,6601,7431,8133,9201,9304,8291,7065,6439,7184,7442,7267,6918,6567,7376,8160,8825,9505,8604,7407,6607,7149,7959,7302,6976,6616,7161,8338,8858,8704,7922,6746,6312,6812,7154,6538,6140,5785,6517,7281,8438,8065,7423,6397,6142,6965,8087,7427,6923,6239,6934,8231,9032,9154,8169,6633,6217,7815,8147,7037,6736,6396,6832,8349,8808,9226,7635,6461,6360,7008,7150,6587,6561,6443,7254,7729,8668,8390,7501,6565,6460,6875,7314,6724,6957,6479,6873,7849,8260,8450,7796,6983,6744,7421,8563,7322,7074,6388,7040,7907,8442,8615,8088,6968,6759,7326,8010,7435,7010,6359,7010,8082,8903,8749,7662,6705,6275,6647,7688,6968,6437,6194,6904,8014,8824,8866,8103,6871,6315,7042,7200,6149,6619,6503,6981,7555,8563,8550,7379,6945,6483,7315,8571,6586,6713,6276,7275,8163,8707,8655,8165,7217,6766,7186,7620,6488,6687,6266,7254,7785,8539,8716,8273,7043,6517,6909,7176,6738,6480,5708,6261,7187,8223,8381,7298,6477,6155,7311,7559,6937,6635,6161,6591,7504,8211,8514,7537,6824,6483,6628,7769,6827,6522,6171,7217,8286,8940,8543,7472,6370,6311,7105,7110,6319,6533,7611.1816,6791.136,6643.5,6288.6816,6964.8184,7798.0454,8577.182,8635.954,7786.9546,6764.8184,6376.909,7032.864
31,Kentucky ,million kilowatthours,KY,1386,7640,6297,6861,6430,6141,6050,6670,7125,6624,6533,6418,7187,7896,7020,7393,6787,6821,7043,7773,7769,7427,6722,6820,7794,8228,7562,7238,6511,6476,6292,7305,7527,7141,6735,6577,7629,8053,7443,7074,6662,7076,7096,7366,7321,6884,6948,6798,7801,8008,7214,7640,6811,6717,7296,7885,8164,7416,7203,6963,8035,7770,7283,7473,6790,6758,7069,7921,8229,7257,7199,7179,7815,7975,7862,7433,6992,7275,7254,7773,8509,8080,7699,7438,8113,8799,8213,8043,7298,7134,7272,7766,7770,7768,7554,7491,8322,8483,7487,7460,7064,6704,6893,7131,7405,7398,7556,7005,8311,8776,8391,7905,7080,7313,7618,8230,8263,7497,6886,6896,8714,8763,7522,7490,6765,6524,7206,8188,8088,7272,7054,7036,7630,8022,7466,7298,6863,7394,7265,8248,7956,7166,6920,6986,7464,8166,7434,7819,6995,6935,7115,7465,7582,6609,5967,5982,6694,7763,6941,6603,5644,6076,6682,6917,6995,6407,5904,6218,6690,7190,7011,6586,5649,6077,6585,7059,6894,6352,5592,5323,5719,6741,6323,5748,5397,5562,6361,7032,7347,6540,5690,5481,6333,6471,5549,5837,5341,5789,6215,7009,6817,5965,5644,5625,6372,7315,5950,6092,5533,6102,6402,7006,7191,6491,6066,5981,6482,6809,6024,6262,5481,5932,6197,7220,7102,6606,5739,5808,6166,6332,6133,5746,5047,5298,6100,7148,6781,6025,5430,5365,6395,6709,6402,5840,5382,5622,6423,6998,7249,6277,5719,5834,6063,7061,6445,6085,5626,5988,6627,7267,6996,6041,5333,5410,6240,6238,5538,5602,8663.117,7866.0,8014.237,7377.0884,7162.6055,6775.5,7426.227,7883.8184,7496.269,7457.0,7334.0,8320.9
32,Mississippi ,million kilowatthours,MS,1383,3947,3366,3173,3228,3439,3902,4392,4578,4251,3579,3164,3269,3675,3297,3309,3222,3616,3899,4371,4505,4613,4027,3357,3561,3782,3575,3290,3215,3648,3976,4362,4774,4388,3670,3318,3544,3762,3604,3436,3319,3474,4129,4481,4554,4297,3908,3533,3536,3833,3525,3389,3317,3473,4185,4623,4514,4069,4076,3323,3577,3758,3425,3476,3377,3621,4202,4664,4931,4609,3829,3427,3618,3782,3834,3566,3416,3640,4182,4615,4870,4811,4119,3624,3694,4024,3885,3614,3450,3693,4384,4738,4818,4290,3753,3425,3647,3800,3572,3401,3144,3489,4033,4821,4605,4257,3866,3359,3701,4388,3934,3808,3418,3626,4439,4968,5058,4753,3945,3452,3897,4352,4013,3564,3504,3700,4505,5004,5075,4645,3804,3424,3749,3989,3681,3660,3551,3846,4350,4837,4863,4454,3885,3573,3700,4066,3711,3748,3569,3648,4255,4701,4768,4632,4092,3600,3991,4395,4348,3832,3533,3641,4152,4631,4681,4697,4048,3656,3795,4157,3871,3952,3458,3563,4196,4886,5048,4526,3952,3494,3589,3996,3896,3587,3417,3694,4249,4968,5008,4717,4170,3596,3752,3975,3490,3531,3533,3769,4166,4714,4792,4375,4041,3624,3818,4583,3926,3585,3476,3789,4586,4948,4920,4745,4262,3657,3913,4055,3707,3636,3439,3734,4334,4752,4823,4792,4266,3614,3799,3847,3679,3626,3308,3345,4028,4613,4735,4440,3731,3365,3765,4094,3845,3755,3412,3613,4146,4679,4826,4492,3939,3551,3662,4087,3937,3753,3508,3914,4613,5096,4981,4449,3929,3532,3860,4105,3671,3583,3793.0,3470.125,3352.9,3299.5293,3541.8,4017.25,4459.0,4805.773,4513.727,3949.5908,3377.0833,3533.1562
33,Tennessee ,million kilowatthours,TN,1389,9649,8345,7404,7420,7311,7780,8623,9182,8871,7198,7024,7324,8517,7831,7632,7244,7284,8208,9934,9516,9323,7598,7002,8146,9007,8912,7788,7130,7243,7565,8811,9183,9292,7432,7097,7995,8975,8716,7818,7543,7596,8824,9308,9124,8756,7782,7223,7995,8972,8547,8054,7438,7445,8472,9713,9971,9971,8828,7874,8619,8981,8319,8285,7814,7709,8816,9924,10551,9595,7906,7656,8375,8557,9229,8365,7733,7802,8853,9872,10449,10665,8805,7913,8475,9081,9144,8497,7750,7514,8774,9693,9842,9426,8166,7708,8575,8739,8542,7648,6892,6937,7790,8950,8862,8505,7330,6865,7847,9688,8982,8394,7284,7106,8679,10169,10505,9519,7641,7011,8543,9916,8818,7657,7279,7151,8664,9774,10310,8992,7231,7130,7811,8353,7864,7326,7032,7454,8395,9877,9791,8633,7117,7018,7520,8708,8007,7975,7584,7168,8085,8983,9019,8818,7385,6973,8238,9549,9451,8080,7250,7234,8405,9129,9097,9050,7463,7328,8182,9095,9005,8807,7250,7268,8448,9679,9831,8777,7312,6796,7363,8451,8746,7688,7023,7210,8567,9992,10361,9674,7982,7153,7910,8653,7644,7444,7235,7480,8418,9552,9748,8472,7631,7111,7850,9910,8543,7322,7334,7549,9030,9964,9807,9399,8217,7421,8415,8555,8304,7816,7120,7452,8543,9568,9562,9446,8203,7297,7963,8006,8016,7397,6499,6496,7914,9640,9838,8948,7218,6909,8124,8977,8750,7963,7095,7106,8368,9540,9901,9103,7629,7278,7913,8888,9091,7889,7298,7709,8994,10488,10127,9050,7411,7192,8184,8813,8148,7375,8964.863,8582.091,7874.9546,7283.9546,7328.364,8436.0,9599.228,9753.5,9194.772,7703.864,7226.3184,8062.136
34,Arkansas ,million kilowatthours,AR,1371,3804,3257,3032,2974,3077,3550,4177,4428,4072,3347,2908,3107,3503,3310,3145,2963,3262,3578,4153,4196,4208,3779,3084,3266,3594,3512,3308,2999,3259,3622,4163,4339,4215,3414,3150,3534,3654,3519,3288,3146,3289,3814,4147,4304,4132,3710,3283,3388,3763,3511,3337,3216,3358,3957,4594,4746,4638,4005,3434,3605,3835,3528,3540,3371,3581,4103,4618,4998,4395,3679,3379,3609,3841,3864,3560,3311,3451,4015,4451,4838,4627,3954,3484,3658,3999,3908,3635,3364,3467,4088,4546,4714,4057,3518,3255,3586,3773,3483,3272,3008,3091,3682,4443,4333,3897,3407,3163,3621,4252,3945,3643,3297,3447,4253,4868,5101,4562,3735,3326,3765,4234,3975,3513,3416,3467,4300,4960,5147,4335,3635,3326,3620,3911,3665,3494,3355,3593,4202,4835,4986,4330,3634,3357,3497,3961,3704,3699,3486,3347,3872,4524,4581,4422,3844,3367,3877,4255,4108,3788,3343,3259,3862,4377,4547,4483,3763,3501,3796,4082,3855,3971,3236,3309,3901,4660,4858,4254,3695,3212,3432,3899,3745,3423,3220,3291,3863,4826,4741,4349,3819,3403,3609,3974,3476,3462,3332,3459,4017,4485,4673,4148,3930,3459,3671,4486,4005,3650,3449,3709,4434,4968,4850,4556,4047,3578,3873,4068,3911,3828,3384,3471,4012,4554,4847,4664,3983,3581,3792,3961,3817,3616,3178,3201,3741,4524,4684,4258,3638,3380,3854,4239,4078,3837,3417,3535,4092,4731,4952,4599,3890,3560,3733,4189,4006,3826,3491,3751,4325,5162,5003,4355,3759,3548,3983,4244,3895,3577,3671.2,3475.2646,3242.0,3151.4,3252.7,3728.5625,4275.6875,4493.0,4343.4546,3735.682,3153.0527,3375.0625
35,Louisiana ,million kilowatthours,LA,1375,6572,5801,5408,5469,6039,6795,7147,7441,6950,6204,5407,5461,6168,5783,5695,5646,6512,6966,7542,7788,8093,7154,5862,6051,6560,5997,5464,5373,6110,7000,7437,7618,7703,6716,5734,6057,6379,6099,5714,5603,5973,7183,7700,7848,7746,6889,6571,6032,6488,6064,5556,5662,5957,7236,8024,7955,6893,6453,5550,5551,5917,5660,5539,5660,5993,7027,7670,7950,7579,6650,5858,5965,6320,6341,5794,5737,6082,7034,7520,7948,7922,6962,5981,5927,6635,6354,5641,5775,6128,7433,7820,8016,7169,5896,5830,6031,6288,5923,5514,5483,6099,6983,8058,7854,7494,6870,5904,6200,7228,6608,6246,5814,6366,7857,8386,8505,8152,7150,6238,6529,7174,7013,6093,6236,6648,7861,8654,8778,8276,6966,6139,6529,6863,6315,6284,6366,6775,7983,8405,8433,7742,6875,6332,6357,7141,6462,6315,6225,6406,7733,8264,8344,8323,7300,6365,6930,7871,7670,6729,6487,6779,7822,8539,8748,8507,7567,6907,7004,7672,7312,7027,6482,6926,8004,8938,9481,8675,7457,6801,6902,7511,7123,6633,6648,6903,8127,9095,9027,8675,7930,7007,6774,7463,6541,6577,6977,7242,8054,8739,8836,8430,7934,7068,7344,8404,7264,6563,6717,7336,8676,9073,9080,8879,8084,6880,7230,7681,7169,6822,6737,7017,8431,9037,9043,9049,8138,6963,7043,7383,7069,6839,6869,6769,7947,8608,8705,8174,6997,6620,7147,7665,7204,6961,6822,7070,8083,8716,9097,7896,7094,6983,7229,7995,7651,6931,6848,7834,9135,9496,9243,8522,7784,6965,7557,7740,7139,6964,6228.727,5598.5,5440.1665,5417.1,5850.25,6930.2,7386.0,7607.25,7327.5,6264.6816,5560.0454,5608.9375
36,Oklahoma ,million kilowatthours,OK,1374,4270,3625,3464,3501,3735,4416,5404,5613,4900,3381,3731,3626,3978,3579,3675,3485,3606,4470,4987,5245,4811,4201,3568,3880,4127,3844,3668,3464,3846,4293,5324,5622,4535,3630,3651,4422,4175,3980,3697,3517,4142,4598,5191,5070,4762,3985,3708,4117,4397,3783,3768,3609,4133,5006,5731,5683,5180,4304,3732,4382,4142,3997,3987,3856,4527,5209,6039,6206,4564,4128,3872,4377,4638,4168,4015,3855,4229,4963,5521,6079,4927,4327,4051,4420,4752,4393,4227,3944,4458,5272,5984,5636,4789,4111,3920,4792,4573,3836,4159,3826,4185,5361,5732,5681,4501,4017,3851,4821,4920,4344,4262,3904,4375,5606,6013,6437,5071,4169,4034,4708,5000,4523,4185,3997,4587,6024,6805,6686,4835,4324,4150,4730,4693,4297,4233,4182,5029,5524,6628,6160,5214,4411,4200,4770,4931,4339,4534,4261,4584,5470,5938,6176,5417,4520,4459,5300,5342,4882,4800,4305,4838,5526,5829,6324,5292,4787,4672,4976,5315,4804,4697,4311,4599,5766,6361,6165,5662,4555,4356,4745,5182,4432,4399,4223,4662,5866,6555,6338,5543,4831,4350,5137,5015,4151,4605,4310,4711,5729,6387,5991,5313,4809,4411,5059,5666,4814,4535,4498,5514,6075,6581,6341,5544,5027,4842,5138,5526,4873,4836,4549,5004,5652,6566,6700,6174,4981,4861,5075,5171,4853,4722,4282,4647,5834,6596,6383,5260,4748,4519,5285,5455,5152,4697,4494,4867,5917,6538,6758,6028,5009,4677,4933,5733,5196,5069,4754,5597,6457,7481,7131,6026,5096,5103,5662,5653,5048,5190,4092.182,3611.75,3544.0,3480.5,3924.0,4663.3438,5210.9375,5516.875,4556.5,3671.3333,3538.0,4095.6365
37,Texas ,million kilowatthours,TX,1376,27584,24171,22424,22635,24516,28532,31533,33864,31737,25532,22298,23218,26449,24207,23338,22545,25791,27934,32144,32876,30875,28076,23829,22780,25800,24035,23188,22746,26881,29848,32459,34399,30067,25310,23181,24771,24973,23894,23379,23167,25132,29499,32266,32003,30594,26919,23854,24936,25756,23689,23644,23587,25462,31674,34246,33962,33979,29029,24063,25168,26402,23641,25065,25670,28564,32130,34636,35868,32947,28086,23902,25814,28194,26280,24998,24502,26883,30252,32679,35331,33193,30044,25475,25997,28113,26480,25401,25400,29581,33657,35785,35633,30581,27017,24138,26029,28332,24238,25380,25230,26512,31526,36817,36276,32094,27872,23223,27852,30235,26518,26681,24542,27223,33553,36387,38732,34655,28535,24739,26656,29993,27946,26465,26963,29174,35730,38540,41667,36601,29755,25504,27727,28330,25729,26165,26339,30055,34088,37508,39226,34606,29705,26385,26967,30578,26228,26796,27171,29267,34635,37889,39328,36988,31956,27074,30908,33491,30083,29008,27847,30309,34707,37816,38763,37724,32564,27776,29582,32574,28980,30352,27953,29248,34721,40174,40722,37593,33580,27225,29214,32141,29075,28088,27840,30205,35736,40978,42140,38568,34223,29055,30613,32359,27358,29212,28247,32462,37295,40813,41577,37161,34914,29233,31249,37151,30762,29675,29019,33779,40454,42840,43866,39145,35634,30150,31943,34165,30997,31368,29383,33698,38347,43075,44915,42283,38655,30309,32148,33161,31834,32371,30237,32043,38159,44006,43719,39783,36094,30971,34485,35518,29819,31074,31813,33288,39106,44320,44668,42870,37537,32132,33482,35874,32820,34451,32517,36838,42688,45777,46736,41504,35084,31594,34392,34805,31884,32862,24621.0,22172.125,21676.5,22259.9,24428.9,28435.125,30721.5,32046.5,29761.5,23541.273,21163.5,22333.438
38,Arizona ,million kilowatthours,AZ,1365,4787,4416,4362,4185,5132,5816,6475,6529,6131,5347,4435,4660,4824,4366,4450,4330,4992,5851,6833,6707,6200,5140,4289,4619,4578,4131,4341,4166,4852,6066,7071,7168,6611,5739,4525,4833,4937,4644,4802,4758,5436,6333,7079,7234,6604,5400,4615,5092,5124,4534,4666,4618,5567,6663,7739,7629,7060,5835,4768,5187,5283,4737,4996,4884,6114,7346,8282,8026,7090,5912,5108,5477,5851,5068,5178,5140,6386,7211,8462,8541,8020,6302,5372,5664,5811,5427,5231,5171,5912,7199,8400,8492,7624,6302,5261,5438,5461,4824,5005,4881,6353,6608,8304,8338,7427,5836,5055,5341,5414,4803,5013,4961,5605,7037,8482,8091,7410,5797,4982,5239,5626,5151,5002,5227,5770,7058,8323,8808,7413,5888,4943,5735,5375,4952,5056,5351,6451,7580,8082,8558,7180,5933,5043,5502,5862,5036,5125,5314,6425,7753,8548,8299,7185,5510,5034,5570,5549,4775,5083,5307,6389,7739,8710,8202,7549,6213,5181,5600,5716,4717,5348,5330,5906,7781,8519,8892,7619,6347,5222,5954,5918,5199,5327,5400,6260,8223,9120,8523,7089,6369,5273,5537,5640,4836,5402,5517,6415,8119,8867,8652,7398,6181,5116,5504,5462,4866,5268,5706,6615,7859,9086,9054,7873,5802,5134,5622,5782,5288,5239,5438,5822,7512,9107,9353,7657,5977,5117,5636,5769,5238,5172,5392,7075,7870,9559,9843,8004,6802,5461,5775,5856,5005,5391,5782,6842,8775,9208,9118,8026,6093,5393,5731,5857,5225,5626,5876,7125,8695,9741,9205,8368,6494,5454,6067,6173,5475,5634,5082.3335,4481.75,4628.2188,4536.0835,5302.75,6155.0,7160.55,7314.0,6676.5,5469.6875,4662.6,5006.0
39,Colorado ,million kilowatthours,CO,1367,3867,3410,3520,3266,3446,3686,4172,4045,3976,3621,3441,3786,3741,3697,3650,3427,3647,3864,4413,4321,3945,3716,3700,3815,3780,3577,3634,3476,3612,3705,4621,4551,3966,3835,3813,3924,3867,3733,3665,3597,3706,3971,4287,4268,4054,3794,3818,3965,3988,3632,3836,3572,3853,4074,4736,4653,4173,3933,3677,4226,3951,3710,3984,3696,3957,4581,4770,4766,4133,4020,3913,4253,4420,3865,3971,3776,4005,4311,4988,4990,4420,4177,4089,4288,4463,4142,4139,3940,4115,4394,5128,4864,4301,4147,4114,4395,4324,3929,4015,3919,4047,4073,4747,4870,4415,4178,4048,4470,4478,4050,4224,3991,4059,4540,5108,5024,4571,4267,4185,4419,4535,4147,4191,4004,4080,4423,5182,5290,4657,4237,4185,4528,4416,4146,4137,3964,4215,4784,5343,5196,4635,4254,4165,4432,4527,4094,4214,4058,4223,4625,5073,5093,4593,4215,4166,4560,4522,4069,4236,4048,4247,4429,5114,4959,4598,4309,4309,4556,4596,4090,4272,4026,4171,4536,5019,5252,4773,4462,4308,4611,4655,4196,4288,4013,4246,4783,5407,5258,4669,4342,4224,4721,4627,4063,4357,4086,4320,4774,5421,5248,4787,4321,4193,4635,4647,4213,4445,4139,4471,4986,5550,5500,4902,4469,4437,4693,4732,4257,4565,4184,4409,4594,5480,5673,4896,4566,4417,4750,4706,4382,4430,3973,4417,4760,5526,5567,4784,4526,4267,4712,4644,4295,4457,4236,4426,4976,5625,5610,4920,4409,4231,4522,4757,4347,4618,4302,4389,4938,5742,5651,4866,4394,4399,4904,4821,4312,4633,4026.0,3693.3333,3719.5,3570.75,3713.6052,3952.625,4460.7,4390.0,4086.25,3846.5,3825.5,4064.8
40,Idaho ,million kilowatthours,ID,1539,2029,1743,1675,1567,1692,1893,1932,2020,1625,1566,1590,1764,1856,1689,1673,1488,1649,1847,2059,1907,1580,1577,1625,1750,1675,1581,1526,1487,1635,2016,2328,2131,1773,1607,1678,1783,1969,1719,1622,1578,1766,2034,2249,2015,1715,1575,1629,1937,1924,1696,1653,1568,1564,1885,2254,2198,1816,1567,1718,2010,1912,1739,1762,1572,1851,2071,2442,2224,1855,1638,1761,1935,2118,1767,1689,1666,2005,2269,2558,2295,1834,1718,1784,2054,2120,1927,1821,1754,1967,2145,2521,2334,1836,1725,1734,2016,2057,1792,1809,1624,1842,1783,2266,2187,1846,1661,1780,2109,2000,1745,1739,1684,1747,1907,2426,2257,1864,1649,1766,2012,2063,1864,1821,1664,1676,1887,2481,2354,1920,1687,1824,2032,2019,1819,1760,1667,1935,2204,2540,2468,1911,1758,1704,1929,2223,1811,1780,1719,2015,2292,2623,2372,1827,1714,1719,2113,2064,1769,1714,1703,1906,2290,2541,2153,1782,1646,1757,1908,1961,1677,1675,1790,1805,2325,2419,2262,1833,1618,1718,1976,1991,1733,1666,1604,1774,2310,2459,2383,1767,1631,1631,2115,2229,1764,1745,1603,1869,2203,2679,2403,1847,1693,1720,2040,1973,1756,1794,1688,1916,2219,2674,2365,1863,1661,1782,2062,2040,1862,1839,1684,1845,2173,2581,2464,1869,1782,1789,2059,2037,1899,1783,1730,1950,2215,2579,2511,1970,1779,1845,2164,2095,1899,1846,1856,2048,2679,2867,2408,1920,1716,1806,2144,2277,2002,1941,1859,2002,2239,2880,2639,2112,1777,1992,2309,2248,2040,2085,1933.25,1663.3636,1653.1538,1533.5,1709.6471,1968.6666,2186.5833,2071.7646,1723.75,1575.091,1655.7727,1849.7
41,Montana ,million kilowatthours,MT,1501,1174,1008,992,899,838,925,938,991,931,884,896,971,1149,1027,1082,1015,962,1031,1172,1099,1026,1025,1049,1196,1141,1055,1058,975,937,956,1138,1190,1022,1016,1084,1251,1229,1094,1100,996,989,1018,1097,1138,1030,1025,1052,1188,1296,1123,1108,1032,1006,1054,1144,1218,1101,1061,1088,1248,1300,1178,1206,1085,1066,1128,1202,1251,1085,1035,1069,1209,1485,1323,1259,1223,1168,1218,1377,1418,1206,1203,1235,1418,1457,1351,1283,1233,1193,1194,1306,1340,1187,1188,1210,1383,1475,1274,1236,1164,1066,1100,1161,1191,1110,1136,1122,1317,1366,1189,1130,1082,1091,1051,1120,1178,1088,1038,1130,1308,1354,1231,1211,1113,1052,1023,1134,1176,1002,1111,1121,1258,1292,1250,1153,1098,1019,1068,1195,1272,1080,1058,1109,1269,1344,1228,1152,1119,1051,1059,1176,1265,1061,1102,1168,1321,1372,1246,1243,1144,1069,1061,1142,1189,1102,1084,1135,1315,1389,1225,1150,1119,1061,1152,1238,1212,1102,1074,1163,1324,1367,1233,1142,1108,1055,1134,1183,1221,1098,1088,1133,1338,1508,1317,1212,1129,1081,1115,1272,1276,1166,1121,1175,1338,1399,1323,1274,1198,1101,1079,1217,1297,1161,1158,1251,1382,1415,1418,1407,1187,1127,1159,1239,1295,1187,1211,1278,1398,1378,1305,1282,1225,1065,1146,1210,1258,1131,1103,1167,1314,1362,1368,1292,1191,1103,1220,1361,1313,1116,1091,1186,1359,1490,1390,1311,1244,1155,1160,1255,1416,1236,1103,1260,1547,1494,1364,1400,1253.7632,1073.25,1090.1364,998.90625,987.5789,1002.0,1118.125,1141.5,1029.3125,1038.5,1045.8,1211.0
42,Nevada ,million kilowatthours,NV,1368,2138,1884,1958,2137,2463,2637,2920,2994,2688,2177,1985,2185,2131,2107,2161,2146,2255,2884,3342,3222,2558,2178,1973,2248,2156,1962,2144,2007,2395,3033,3476,3258,2780,2511,2098,2312,2349,2172,2255,2088,2713,2968,3456,3349,2814,2485,2218,2446,2427,2133,2323,2193,2648,3054,3932,3415,2986,2584,2232,2573,2479,2247,2455,2349,2990,3478,3949,3820,3150,2579,2393,2699,2684,2275,2548,2443,3039,3476,4197,3853,3332,2552,2456,2787,2704,2473,2488,2434,2815,3316,4053,3954,3237,2736,2385,2596,2554,2294,2445,2400,3086,3045,3922,3693,3246,2562,2386,2650,2567,2240,2381,2290,2555,3243,3981,3766,3115,2675,2403,2555,2600,2286,2458,2379,2608,3067,3776,3816,3160,2670,2411,2684,2580,2356,2524,2458,3039,3421,3879,3939,3277,2728,2368,2612,2789,2350,2523,2473,2899,3618,4118,3658,3130,2506,2404,2742,2640,2305,2421,2465,2967,3545,4042,3644,3396,2702,2339,2610,2803,2301,2577,2470,2820,3601,3891,3981,3470,2912,2464,2731,2757,2481,2514,2504,2779,3734,4150,4040,3208,2809,2392,2777,2708,2424,2578,2481,2975,3816,4383,4027,3367,2706,2477,2717,2648,2447,2635,2602,3092,3674,4425,4359,3540,2819,2674,2865,2761,2562,2671,2633,2785,3650,4128,4272,3498,2667,2547,2807,2817,2576,2724,2504,3050,3565,4352,4458,3665,3051,2638,2835,2801,2441,2645,2704,3193,4076,4664,4403,3725,2885,2627,2868,2883,2582,2729,2788,3277,3947,4619,4474,3856,3151,2822,2954,2881,2603,2731,2354.0386,2048.375,2233.5264,2159.65,2531.375,2918.925,3447.65,3183.842,2742.75,2380.6,2105.3125,2398.8125
43,New Mexico ,million kilowatthours,NM,1369,1602,1467,1469,1361,1488,1617,1796,1774,1687,1528,1444,1492,1581,1411,1461,1508,1529,1686,1873,1839,1719,1574,1479,1545,1592,1442,1461,1446,1536,1687,1888,1910,1697,1600,1508,1564,1611,1513,1533,1497,1594,1775,1857,1880,1765,1598,1547,1677,1692,1531,1587,1541,1646,1839,2010,2018,1831,1683,1555,1706,1729,1587,1651,1594,1758,1987,2096,2052,1830,1723,1649,1779,1868,1662,1689,1688,1739,1922,2157,2199,2029,1784,1724,1806,1885,1745,1695,1667,1747,1960,2086,2133,1872,1760,1687,1801,1810,1594,1623,1614,1781,1860,2098,2098,1874,1740,1697,1858,1864,1680,1723,1695,1738,2016,2165,2161,1992,1834,1712,1847,1899,1730,1713,1699,1819,2037,2284,2306,2036,1801,1717,1999,1875,1772,1769,1736,1849,2125,2236,2291,2016,1844,1768,1896,1960,1740,1758,1735,1854,2133,2219,2218,1981,1793,1756,1918,1935,1740,1739,1731,1863,2082,2266,2206,2022,1827,1787,1915,1945,1702,1774,1715,1768,2025,2211,2253,2088,1897,1799,1917,1943,1770,1731,1697,1789,2071,2317,2234,2000,1824,1762,1901,1870,1679,1734,1700,1816,2137,2328,2252,2029,1859,1725,1879,1924,1734,1790,1773,1972,2216,2385,2363,2119,1921,1859,1994,2056,1819,1873,1840,1909,2094,2443,2515,2299,2016,1948,2069,2096,1921,1919,1747,1959,2122,2450,2479,2170,2020,1859,2035,2053,1851,1903,1867,2015,2312,2483,2478,2311,2078,1937,2106,2226,2011,2058,2044,2214,2490,2715,2657,2421,2236,2152,2331,2341,2126,2225,1614.35,1488.5,1499.15,1494.0,1539.4166,1720.5938,1871.125,1860.5588,1716.625,1554.2,1479.5,1615.3077
44,Utah ,million kilowatthours,UT,1370,2040,1808,1820,1655,1892,1978,2190,2181,2010,1871,1757,2017,1960,1826,1926,1654,1840,1981,2320,2161,1934,1795,1837,2034,2009,1791,1819,1804,1971,1777,2534,2361,1926,1893,1960,2014,2135,1975,1795,1812,1952,2107,2404,2320,1973,1948,1941,2150,2136,1987,1881,1785,1988,2038,2571,2441,1999,1952,1973,2248,2188,2035,1992,1854,2069,2308,2665,2564,2137,2037,2073,2443,2370,2068,2044,1964,2269,2408,2891,2781,2295,2072,2190,2435,2497,2208,2184,2089,2169,2399,2869,2762,2244,2248,2167,2356,2419,2121,2171,1978,2125,2134,2809,2624,2485,2144,2052,2525,2371,2185,2168,2013,2110,2305,2890,2700,2395,2249,2239,2418,2449,2216,2268,2188,2192,2347,2768,2818,2492,2306,2283,2530,2421,2313,2225,2186,2369,2581,2962,2977,2480,2401,2268,2541,2681,2332,2284,2217,2370,2670,2942,3070,2552,2321,2344,2690,2574,2235,2318,2280,2392,2619,3082,2782,2591,2324,2338,2508,2555,2216,2294,2235,2288,2742,2915,2975,2545,2419,2417,2593,2582,2347,2246,2204,2296,2774,3075,2962,2473,2331,2272,2616,2593,2214,2313,2297,2387,2805,3155,3045,2575,2358,2299,2548,2520,2256,2310,2265,2387,2792,3296,3171,2751,2482,2399,2614,2590,2374,2376,2290,2357,2592,3150,3167,2686,2538,2413,2611,2629,2389,2420,2197,2402,2624,3195,3381,2729,2555,2477,2666,2677,2366,2450,2309,2543,3189,3473,3192,2801,2514,2455,2709,2681,2408,2515,2340,2519,2909,3561,3327,2903,2538,2604,2792,2735,2551,2565,2140.5,1933.6,1905.8,1852.4,1972.6875,1976.7693,2350.875,2239.3,2018.75,1935.5,1918.25,2195.0
45,Wyoming ,million kilowatthours,WY,1541,1116,1128,1102,1058,1020,1038,1033,1146,1038,1045,1085,1142,1178,1041,1118,1049,1036,1033,1070,1076,1020,1065,1073,1115,1179,1091,1273,1080,1026,1011,1110,1125,1029,1060,1098,1172,1259,1128,1151,1143,1050,1109,1122,1106,1053,1105,1130,1184,1298,1122,1164,1135,1118,1156,1166,1205,1152,1159,1184,1278,1330,1253,1229,1219,1159,1172,1270,1272,1149,1259,1274,1360,1398,1291,1274,1249,1228,1241,1302,1333,1240,1275,1283,1422,1445,1422,1399,1325,1326,1331,1392,1404,1285,1397,1368,1597,1477,1436,1382,1371,1343,1306,1301,1265,1258,1416,1484,1523,1578,1421,1431,1428,1357,1399,1316,1383,1335,1419,1453,1593,1591,1461,1523,1355,1433,1382,1449,1390,1331,1363,1529,1609,1570,1465,1451,1361,1317,1424,1363,1420,1311,1355,1439,1496,1529,1395,1470,1403,1372,1368,1455,1365,1346,1378,1456,1516,1568,1482,1422,1334,1427,1293,1502,1403,1337,1404,1431,1532,1586,1405,1431,1367,1364,1376,1342,1406,1357,1384,1412,1495,1531,1401,1369,1298,1260,1328,1386,1390,1311,1413,1343,1527,1586,1396,1422,1281,1334,1356,1443,1395,1312,1363,1387,1504,1532,1393,1440,1347,1343,1340,1459,1417,1315,1319,1419,1540,1550,1411,1482,1356,1337,1325,1387,1351,1339,1301,1416,1508,1481,1450,1385,1206,1121,1138,1251,1276,1147,1245,1249,1382,1376,1333,1348,1246,1238,1295,1395,1325,1237,1263,1305,1422,1495,1383,1420,1344,1280,1280,1411,1407,1300,1318,1420,1523,1532,1400,1465,1299.0,1257.0312,1238.4375,1200.0385,1162.9546,1259.1364,1173.475,1240.591,1161.5,1286.6364,1242.75,1353.0
46,California ,million kilowatthours,CA,1366,21744,18306,21351,18856,19862,21194,21539,23772,20601,21600,18974,19959,19864,17781,18227,18614,18615,19526,22335,22224,21095,20947,16963,19022,19979,17313,18402,17998,18262,20123,23329,23466,23341,21975,18172,20862,20189,17877,19783,19642,18917,22036,22530,24507,23408,20927,19279,22931,20471,18295,20710,18656,19412,21867,22742,26406,23475,20921,19908,21387,20936,19006,21353,18204,20582,23237,25206,27517,23681,21867,20059,21310,22130,19168,20314,19586,21179,22041,25006,25920,24975,22667,20225,21025,22620,19970,19927,20366,20942,22304,26288,24808,25582,23522,19377,22448,20948,19092,19876,19984,19872,22028,24414,24681,24863,22724,19159,21943,20256,19038,20861,20256,19018,22037,23616,24534,23996,22506,20115,22299,21010,19139,21515,19410,20191,21789,23355,26071,25142,22073,20439,21808,20888,19050,20178,18948,20601,22015,23334,26232,24118,23817,20024,20334,22027,19213,19827,19389,21328,21981,25635,25147,24297,22152,18994,21343,21034,18728,18994,19847,20713,22630,25636,25279,25535,24204,18667,21318,20437,18225,19905,20020,19442,22091,25191,24552,25545,24329,19884,21549,20117,18597,20225,19148,19390,22358,23900,27016,24190,21408,19741,20757,20697,18103,19675,18533,20051,23250,25465,26750,24201,21240,19418,19884,20455,17968,21509,18389,19878,21099,25343,29875,20312,22415,18310,19671,21108,17808,19565,17833,20218,19458,24801,26017,22952,22118,17073,21428,20562,16784,19335,16963,18957,21460,26098,24002,23975,23588,16724,21726,18580,16064,21151,15304,18605,22391,26068,26006,23608,20641,18755,20077,20333,16550,19672,18067,18880,21448,24093,27317,25894,21554,17903,20232,20392,17341,19349,20744.773,18276.137,20107.045,18818.773,19768.863,21743.773,23183.0,24382.309,23853.908,22236.137,19007.408,21059.682
47,Oregon ,million kilowatthours,OR,1540,4827,4459,4262,3809,3757,3478,3398,3528,3329,3399,3607,4032,4368,4085,4050,3692,3565,3435,3586,3692,3538,3409,3618,4215,4145,3863,4055,3620,3546,3858,3687,3635,3531,3401,3660,4195,4438,4119,3944,3587,3410,3616,3696,3782,3596,3488,3685,4275,4445,4118,3989,3712,3491,3554,3708,3901,3693,3492,3833,4483,4660,4204,4276,3726,3670,3717,4024,4062,3816,3646,3875,4393,4931,4315,4132,3759,3729,3785,4029,4083,3747,3723,3943,4522,4784,4259,4334,3927,3862,3812,4144,4055,3708,3779,3821,4704,4503,4092,4214,3692,3599,3540,4137,3820,3646,3684,3838,4804,4130,3800,3966,3701,3557,3510,3942,3908,3569,3608,3946,4389,4526,4014,4189,3807,3640,3547,3752,4007,3684,3579,3913,4513,4388,4014,4160,3661,3627,3569,3911,4049,3533,3661,3811,4304,4684,3940,3992,3689,3642,3573,4048,3956,3607,3819,3912,4779,4530,4184,3925,3674,3606,3596,4165,4050,3686,3623,3932,4365,4357,3722,3909,3712,3613,3966,4197,4123,3594,3678,3986,4407,4476,3905,3969,3508,3622,3826,3952,4206,3527,3747,3778,4833,5026,4189,4190,3824,3848,3884,4262,4395,3805,3793,4073,4756,4427,4236,4186,3905,3726,3836,4410,4368,3716,3869,4047,4602,4693,4473,4369,3858,3797,3868,4209,4341,3806,4079,4205,4706,4677,4419,4434,3853,3803,3853,4400,4474,3950,3999,4327,4831,4783,4504,4629,4126,4152,4540,4818,4753,4134,4133,4317,5247,4952,4376,4418,4204,4071,4026,4670,4835,4048,4027,4688,5116,4995,4567,4838,4579.5454,4149.5454,4163.273,3597.5,3483.5,3523.5,3555.5,3555.182,3486.25,3376.5,3591.5,4126.5293
48,Washington ,million kilowatthours,WA,1503,9205,8317,7355,6747,6550,5894,5355,5328,5172,5576,5843,7155,7581,7291,7205,6454,5991,5519,5541,5565,5624,5628,6158,6849,7347,7095,7265,6660,5977,6040,5961,5840,5823,5961,6478,7687,7931,7406,7486,6537,5962,6021,6145,6289,5958,6151,6517,7577,8184,7595,7529,6961,6333,6327,6309,6564,6162,6239,7024,8198,9053,7731,7896,6851,6507,6568,6790,6814,6332,6119,6636,7734,8611,8076,7584,6906,6649,6378,6735,6772,6275,6542,6998,8215,8658,8491,7894,7337,7010,6628,6792,6789,6420,6557,6679,8077,9167,8484,8236,7465,6854,6732,6889,6952,6690,6807,7110,8825,8855,7966,7929,7444,7072,6923,7192,7255,6808,6859,7310,8767,9014,8487,8713,7849,7343,7335,7146,7366,6957,7021,7643,8852,8988,8637,8373,7565,7177,7028,7343,7436,6843,7044,7386,8515,9257,8523,8160,7690,7202,6675,7413,7312,7001,7208,7491,8950,9215,8637,8423,7513,7067,6970,7283,7316,6965,7109,7080,8563,8776,7683,7919,7468,6677,7042,7447,7265,6910,6899,7376,8655,8708,7833,7727,6780,6658,6814,7091,7357,6693,6987,7154,9083,9528,8205,8265,7147,6928,6874,7299,7381,6852,7052,7567,8849,8721,8002,8130,7154,6956,6823,7405,7299,6580,7051,7456,8427,9016,8345,8532,7214,6871,6702,7156,7320,6638,7306,7339,8615,8772,8043,8057,7020,6312,6452,6877,6902,6295,6628,7057,8289,8106,7995,8156,7006,6478,6980,7173,7232,6506,6758,7199,8609,9060,7891,8065,7433,6791,6646,7078,7524,6697,6481,7710,8910,8863,7960,8529,8716.046,8033.3184,7550.8945,7145.5,6698.409,6217.1665,6305.1665,6528.625,6079.1,6100.0,6544.0,7898.5
49,Alaska ,million kilowatthours,AK,2512,521,486,444,442,416,414,421,423,430,438,487,533,524,495,463,451,428,415,415,434,435,446,469,492,541,475,461,445,438,418,432,443,440,453,491,525,574,508,476,483,444,427,449,456,460,473,495,543,568,521,490,469,439,438,462,455,481,494,531,565,587,555,522,514,458,471,473,484,489,494,548,587,609,554,556,526,482,476,492,511,496,496,541,587,622,590,543,510,488,465,473,490,498,517,548,582,623,556,533,509,482,471,483,492,481,508,539,594,598,534,548,502,478,466,487,502,484,506,536,606,619,553,562,509,482,465,475,495,485,509,562,605,619,595,557,516,481,467,492,500,488,511,566,626,614,530,541,515,496,469,480,503,488,505,526,602,601,532,552,493,471,462,475,485,484,504,530,575,582,548,537,498,472,458,474,491,482,504,526,588,577,535,527,480,469,462,473,494,470,506,534,595,606,553,556,503,471,458,477,485,474,494,536,573,574,550,536,479,472,447,466,469,465,470,506,539,561,511,509,455,459,435,461,478,450,478,491,531,593,541,535,472,433,427,450,463,445,479,523,556,542,521,544,485,461,440,454,460,460,485,534,584,580,510,527,481,468,452,463,472,462,485,522,580,572,499,544,583.4091,534.2273,523.5909,488.04544,463.0909,450.13635,464.86365,476.5909,470.31818,488.86365,524.5909,571.2727
50,Hawaii ,million kilowatthours,HI,1364,819,723,799,773,819,807,862,880,848,842,802,810,789,709,789,786,834,830,854,886,852,873,844,845,827,750,847,825,860,871,910,943,900,929,865,864,850,823,854,849,896,890,944,972,939,946,888,881,857,766,832,840,901,889,921,952,918,916,864,883,864,764,871,820,859,892,923,968,906,923,892,887,875,762,879,825,898,893,927,948,910,927,866,875,851,801,870,835,886,871,915,915,880,891,840,835,813,726,796,785,847,873,885,923,881,913,847,838,834,731,812,800,849,832,871,890,851,878,829,840,838,770,849,817,852,802,852,867,841,860,807,806,814,753,791,768,807,788,822,854,797,844,790,812,779,690,757,767,807,780,837,847,808,837,784,810,765,724,756,743,795,773,833,851,834,858,776,766,735,694,739,752,757,772,859,896,866,831,817,793,762,716,743,751,783,774,835,874,825,836,759,788,742,673,769,748,784,779,835,858,822,830,755,727,747,680,735,756,755,782,837,857,810,851,777,751,755,626,695,720,772,808,865,888,860,860,804,800,771,674,725,622,684,733,758,773,747,798,758,753,725,625,704,692,753,755,803,817,760,783,761,757,724,650,730,710,748,736,785,806,795,812,752,744,727,645,711,868.2,794.375,868.75,848.0833,895.25,874.5,923.0,956.5,912.5,928.3,871.58826,881.4
